lon,lat,country,city
-103.60286,19.32936,MX,Cuauhtémoc
-98.70639,22.34278,MX,Santa Martha
-99.10978,19.49016,MX,Gustavo A. Madero
-98.94321,22.9957,MX,Xicoténcatl
-93.2094,16.87198,MX,San Fernando
-97.81348,25.96125,MX,El Control
-98.59557,26.23158,MX,Gustavo Díaz Ordaz
-98.85695,21.91401,MX,Nueva Primavera
-99.01077,21.60137,MX,Tamcuime
-99.0265,21.63781,MX,Tampate
-99.09946,19.7967,MX,Zumpango de Ocampo
-99.52607,17.65319,MX,Zumpango del Río
-99.56568,18.91642,MX,Zumpahuacán
-97.57584,20.14104,MX,Zozocolco de Hidalgo
-97.72704,19.97848,MX,Zongozotla
-96.99652,18.6658,MX,Zongolica
-99.49194,19.41768,MX,Zolotepec
-99.18689,17.69131,MX,Zitlala
-92.72356,16.76012,MX,Zinacantán
-96.78362,16.86787,MX,Zimatlán de Álvarez
-99.3818,20.73814,MX,Zimapán
-96.4075,19.44515,MX,Zempoala
-100.731,22.03542,MX,Zaragoza
-99.64412,19.14737,MX,Zaragoza de Guadalupe
-98.86401,19.97593,MX,Zapotlán de Juárez
-98.65621,20.6493,MX,Zacualtipán
-100.32594,17.08895,MX,Zacualpan
-97.96119,19.93372,MX,Zacatlán
-99.19054,18.65388,MX,Zacatepec
-97.58899,19.87271,MX,Zacapoaxtla
-97.72155,21.24762,MX,Zacamixtle
-96.74938,16.95098,MX,Villa de Zaachila
-97.66248,18.79504,MX,Yehualtepec
-96.77607,19.86583,MX,Yecuatla
-98.865,18.88333,MX,Yecapixtla
-99.06715,18.88188,MX,Yautepec
-97.46587,19.87076,MX,Yaonáhuac
-96.79823,18.83321,MX,Yanga
-92.33306,17.17292,MX,Yajalón
-98.42362,20.87586,MX,Xoxolpa
-99.24608,18.68502,MX,Xoxocotla
-97.07944,18.50472,MX,Xopilapa
-99.52752,19.40513,MX,Xonacatlán
-98.88184,19.6425,MX,Xometla
-97.09935,19.01517,MX,Xocotla
-97.77789,18.702,MX,Xochitlán
-98.87611,18.22833,MX,Xochitepec
-98.24099,16.78882,MX,Xochistlahuaca
-99.10513,19.25785,MX,Xochimilco
-98.48837,17.90513,MX,Xochihuehuetlán
-98.99009,21.38681,MX,Xilitla
-97.96154,20.2768,MX,Xicotepec de Juárez
-97.0093,19.42223,MX,Xico
-98.94803,19.27081,MX,San Miguel Xico
-97.97623,18.23679,MX,Xayacatlán de Bravo
-99.71532,17.09869,MX,Xaltianguis
-97.97185,20.17692,MX,Xaltepuxtla
-97.61202,18.87584,MX,Xaltepec
-98.6068,17.47136,MX,Xalpatlahuac
-98.37946,19.21214,MX,Xalmimilulco
-95.06083,17.92361,MX,Vista Hermosa
-99.99608,19.43883,MX,Villa Victoria
-99.20329,19.35867,MX,Alvaro Obregón
-92.93028,17.98689,MX,Villahermosa
-103.59512,21.98353,MX,Villa Guerrero
-91.17049,17.92323,MX,Villa el Triunfo
-99.55876,19.41652,MX,Villa Cuauhtémoc
-93.2672,16.18536,MX,Villa Corzo
-92.57727,15.21401,MX,Villa Comaltitlán
-95.65513,18.13611,MX,Villa Azueta
-97.22333,19.64861,MX,Villa Aldama
-96.13405,19.18074,MX,Veracruz
-102.6542,20.11584,MX,Venustiano Carranza
-103.32962,25.71193,MX,Veinte de Noviembre
-96.6475,20.02861,MX,Vega de Alatorre
-97.81181,25.6718,MX,Valle Hermoso
-102.315,22.02111,MX,Valladolid
-98.3206,22.72788,MX,Ursulo Galván
-94.82952,16.4723,MX,Unión Hidalgo
-89.747,20.8824,MX,Umán
-88.31693,20.71681,MX,Uayma
-89.05043,20.07225,MX,Tzucacab
-97.54024,20.03043,MX,Tzinacapan
-92.26667,16.26667,MX,Tzimol
-96.8636,19.40253,MX,Tuzamapan
-93.11485,16.75469,MX,Tuxtla Gutiérrez
-92.16795,14.93804,MX,Tuxtla Chico
-97.65489,20.00047,MX,Tuxtla
-97.40798,20.95773,MX,Tuxpan de Rodríguez Cano
-88.75223,20.9025,MX,Tunkás
-87.46207,20.21237,MX,Tulum
-99.16796,19.64756,MX,Tultitlán
-99.12806,19.685,MX,Tultepec
-98.44111,18.04582,MX,Tulcingo de Valle
-98.36332,20.08363,MX,Tulancingo
-99.34539,20.05329,MX,Tula de Allende
-99.71172,22.99645,MX,Tula
-96.76274,16.92167,MX,Trinidad de Zaachila
-93.52736,15.88072,MX,Tres Picos
-96.74111,19.54306,MX,Trapiche del Rosario
-96.96133,19.21212,MX,Totutla
-98.92073,18.98487,MX,Totolapan
-92.6803,16.54441,MX,Totolapa
-99.59127,19.23083,MX,San Miguel Totocuitlapilco
-97.83944,19.98111,MX,Tonalixco
-105.24954,19.93658,MX,Tomatlán
-99.65324,19.28786,MX,Toluca de Lerdo
-96.39472,19.26667,MX,Tolome
-98.92163,19.95677,MX,Tolcayuca
-97.01667,18.95,MX,Tocuila
-97.82421,18.83989,MX,Tochtepec
-98.56667,18.9,MX,Tochimilco
-98.02905,19.39002,MX,Tocatlán
-98.98111,18.95556,MX,Tlayacapan
-98.11997,19.61333,MX,Tlaxco de Morelos
-99.22042,20.09163,MX,Tlaxcoapan
-98.02865,20.42422,MX,Tlaxco
-98.28334,19.02863,MX,Tlaxcalancingo
-97.49718,19.84765,MX,Tlatlauquitepec
-99.18639,18.59639,MX,Tlatenchi
-99.16208,18.63693,MX,Tlaquiltenango
-98.57952,17.54042,MX,Tlapa de Comonfort
-95.40056,18.45667,MX,Tlapacoyan
-97.88662,18.86489,MX,Santa Isabel Tlanepantla
-98.65852,20.99058,MX,Tlanchinol
-98.60192,19.8175,MX,Tlanalapa
-97.27555,19.25122,MX,Tlanalapan
-99.22583,17.50306,MX,Tlamixtlahuacan
-99.50185,18.49685,MX,Tlamacazapa
-99.11982,18.68594,MX,Tlaltizapán
-98.34275,19.17163,MX,Tlaltenango
-99.16787,19.29708,MX,Tlalpan
-98.99715,19.00917,MX,Tlalnepantla
-98.80138,19.20807,MX,Tlalmanalco de Velázquez
-96.64666,17.07248,MX,Tlalixtac de Cabrera
-98.80778,18.96694,MX,San Andrés Tlalamac
-98.57522,20.65082,MX,Tlahuelompa (San Francisco Tlahuelompa)
-99.2302,20.12925,MX,Tlahuelilpan
-99.00317,19.28348,MX,Tlahuac
-98.80611,18.98583,MX,San José Tlacotitlán
-97.84917,20.06028,MX,Tlacotepec (San Mateo)
-99.97961,17.78978,MX,Tlacotepec
-95.65847,18.61304,MX,Tlacotalpan
-96.47571,16.95586,MX,Tlacolula de Matamoros
-95.94682,18.23096,MX,Tlacojalpan
-98.30022,16.81053,MX,Tlacoachistlahuaca
-97.41919,19.11528,MX,Tlachichuca
-88.15119,21.14284,MX,Tizimín
-98.98044,19.83728,MX,Tizayuca
-99.39799,17.56732,MX,Tixtla de Guerrero
-89.44229,20.97727,MX,Tixpehual
-89.39444,21.0033,MX,Tixkokob
-88.91684,20.4924,MX,Tixcacaltuyub
-89.51357,20.8118,MX,Timucuy
-99.27555,18.48991,MX,Tilzapotla
-92.48333,17.4,MX,Tila
-88.11236,20.70325,MX,Tikuch
-97.53335,20.71448,MX,Tihuatlán
-88.68902,20.33153,MX,Tiholop
-99.52706,17.16471,MX,Tierra Colorada
-89.53433,20.3996,MX,Ticul
-99.46731,19.17927,MX,Tianguistenco
-99.27204,20.19188,MX,Tezontepec de Aldama
-98.81957,19.88097,MX,Tezontepec
-97.35992,19.8173,MX,Teziutlán
-94.81702,17.89517,MX,Texistepec
-97.03888,18.62196,MX,Texhuacán
-98.88374,19.51158,MX,Texcoco de Mora
-98.92889,18.93583,MX,San Juan Texcalpan
-98.79472,18.93444,MX,Texcala
-97.70311,18.75716,MX,Tetzoyocan
-89.93264,20.96432,MX,Tetiz
-99.64778,18.64778,MX,Tetipac
-99.15456,20.10519,MX,Tetepango
-97.14497,19.05094,MX,Tetelzingo
-97.45704,19.85748,MX,Teteles de Ávila Castillo
-97.80756,19.8162,MX,Tetela de Ocampo
-98.72972,18.89306,MX,Tetela del Volcán
-99.39933,18.73009,MX,Tetecala
-88.15405,20.72209,MX,Tesoco
-97.92492,19.47384,MX,Terrenate
-99.14472,19.90944,MX,Tequixquiac
-99.89167,20.5225,MX,Tequisquiapan
-103.83569,20.88197,MX,Tequila
-99.94667,19.05806,MX,San Martín Tequesquipan (Tequesquipan)
-97.98793,19.11642,MX,Tepulco
-99.21598,19.64388,MX,Cuautitlán Izcalli
-99.09914,18.98603,MX,Tepoztlán
-99.2237,19.71981,MX,Tepotzotlán
-97.92636,18.57913,MX,Tepexi
-97.85235,21.1641,MX,Tepetzintla
-98.81814,19.57498,MX,Tepetlaoxtoc de Hidalgo
-97.69228,18.64027,MX,Tepetlacolco
-99.88667,19.65306,MX,Barrio Tepetitlán Emilio Portes Gil
-97.43395,19.19254,MX,Santa Cecilia Tepetitlán
-98.37585,19.26419,MX,Tepetitla
-98.16968,20.1346,MX,Tepepa
-98.44542,18.72613,MX,San Cristobal Tepeojuma
-99.34297,19.9063,MX,Tepeji de Ocampo
-99.47039,18.27723,MX,Tepecoacuilco de Trujano
-98.55109,19.78618,MX,Tepeapulco
-97.90074,18.96923,MX,Tepeaca
-97.96595,19.06747,MX,Tepatlaxco de Hidalgo
-99.09063,20.24571,MX,Tepatepec
-97.79567,20.0019,MX,Tepango de Rodríguez
-98.84302,18.59582,MX,Tepalcingo
-89.03872,21.04882,MX,Tepakán
-92.47412,16.54547,MX,Teopisca
-98.26258,18.71288,MX,Teopantlán
-99.17855,19.7458,MX,Teoloyucan
-96.97371,19.3856,MX,Teocelo
-91.42214,17.47496,MX,Tenosique de Pino Suárez
-98.85687,19.15774,MX,Tenango del Aire
-98.2272,20.33816,MX,Tenango de Doria
-99.59068,19.10641,MX,Tenango de Arista
-99.28972,20.22603,MX,Tenango
-99.59344,18.96148,MX,Tenancingo de Degollado
-90.22547,20.04092,MX,Tenabó
-98.38802,21.52193,MX,Tempoal de Sánchez
-88.20155,20.80393,MX,Temozón
-99.59411,19.46707,MX,Temoaya
-98.7775,18.77222,MX,Temoac
-99.23072,18.85528,MX,Temixco
-88.94039,21.15105,MX,Temax
-100.00272,19.91639,MX,Temascalcingo
-98.90035,19.82717,MX,Temascalapa
-97.64104,21.06583,MX,Temapache
-98.86921,19.20306,MX,Temamatla
-99.8723,18.36874,MX,Teloloapan
-98.77632,18.56121,MX,Telixtac
-89.26945,21.20312,MX,Telchac
-89.3328,20.53501,MX,Tekit
-89.28629,20.20427,MX,Tekax de Álvaro Obregón
-89.10553,21.01209,MX,Tekanto
-96.8542,17.11134,MX,San Felipe Tejalápam
-99.27078,18.55979,MX,Tehuixtla
-98.50853,21.05337,MX,Tehuetlán
-97.39282,18.46148,MX,Tehuacán
-93.31071,17.13705,MX,Tecpatán
-99.63449,20.53359,MX,Tecozautla
-98.76035,18.98152,MX,San Marcos Tecomaxusco
-97.01437,20.48282,MX,Tecolutla
-93.33317,18.28362,MX,Tecolutilla
-89.47389,20.74417,MX,Tecoh
-98.73401,16.51185,MX,Tecoanapa
-99.52462,19.11302,MX,San Pedro Techuchulco
-97.73132,18.88179,MX,Tecamachalco
-97.9742,18.90294,MX,Tecali de Herrera
-98.815,18.79806,MX,Tecajec
-92.95228,17.54815,MX,Teapa
-89.28355,20.39892,MX,Teabo
-99.60491,18.55629,MX,Taxco de Alarcón
-94.76066,18.24539,MX,Tatahuicapan
-99.31352,20.54836,MX,Tasquillo
-93.017080000000007,17.2495,MX,Tapilula
-92.26185,14.90696,MX,Tapachula
-98.22725,21.35369,MX,Tantoyuca
-99.0377,21.65242,MX,Tanute
-98.66314,21.60579,MX,Tanquián Escobedo
-92.78383,18.16221,MX,Tamulté de las Sabanas
-98.77629,22.00536,MX,Tamuín
-97.86861,22.25528,MX,Tampico
-97.44654,21.28082,MX,Tamiahua
-98.78247,21.25151,MX,Tamazunchale
-99.39365,21.92426,MX,Tamasopo
-99.07764,21.56654,MX,Tamápatz
-97.81188,21.33936,MX,Tamalín
-89.25447,20.873,MX,Tahmek
-97.55082,19.93605,MX,San Juan Tahitic
-92.82635,17.59487,MX,Tacotalpa
-99.96613,18.85847,MX,Sultepec de Pedro Ascencio de Alquisiras
-88.3135,21.15642,MX,Sucila
-92.22322,14.53608,MX,Suchiate
-93.10029,16.6237,MX,Suchiapa
-99.52962,20.01477,MX,Soyaniquilpan
-92.92424,16.89089,MX,Soyaló
-89.00935,20.5969,MX,Sotuta
-98.20516,23.76987,MX,Soto la Marina
-94.87295,18.23271,MX,Soteapan
-97.70861,19.12111,MX,Soltepec
-96.42114,19.04582,MX,Soledad de Doblado
-94.88097,17.96335,MX,Soconusco
-92.35058,16.24496,MX,Socoltenango
-90.03084,21.16553,MX,Sisal
-98.51845,19.96816,MX,Singuilucan
-92.63333,17.2,MX,Simojovel de Allende
-89.72807,21.12249,MX,Sierra Papacal
-89.37158,20.83532,MX,Seyé
-90.66988,19.63678,MX,Seybaplaya
-98.02194,17.67778,MX,San Sebastián del Monte
-94.9601,17.88083,MX,Sayula de Alemán
-98.21148,19.26584,MX,San Vicente Xiloxochitla
-98.58778,21.71833,MX,San Vicente Tancuayalab
-96.84585,16.38898,MX,San Vicente Coatlán
-96.67064,16.84469,MX,Santo Tomás Jalieza
-97.86708,18.89004,MX,Santo Tomás Hueyotlipan
-98.15227,18.965,MX,Santo Tomás Chautla
-98.77986,19.1717,MX,Santo Tomás Atzingo
-97.93844,17.43782,MX,Santos Reyes Tepejillo
-94.34754,16.48307,MX,Santo Domingo Zanatepec
-95.24783,16.31841,MX,Santo Domingo Tehuantepec
-99.90166,19.84524,MX,Santo Domingo Shomege (Shomege)
-98.37306,18.90444,MX,Santo Domingo Atoyatempan
-99.77972,19.59306,MX,Santo Domingo de Guzmán
-92.10417,15.03081,MX,Santo Domingo
-97.26917,16.22556,MX,Santiago Yaitepec
-95.30159,18.46562,MX,Santiago Tuxtla
-98.08695,19.42722,MX,Santiago Tetla
-96.88033,17.25588,MX,Santiago Suchilquitongo
-98.05532,16.33847,MX,Santiago Pinotepa Nacional
-97.43746,18.54524,MX,Santiago Miahuatlán
-96.38297,16.8654,MX,Santiago Matatlán
-98.01061,17.33503,MX,Santiago Juxtlahuaca
-97.82387,16.28374,MX,Santiago Jamiltepec
-97.33584,20.95604,MX,Santiago de la Peña
-95.92219,17.36084,MX,Santiago Choápam
-98.58167,18.82472,MX,Santiago Atzitzihuacán
-97.70405,18.84369,MX,Santiago Alseseca
-99.76417,19.78222,MX,Santiago Acutzilapan
-97.91667,18.98333,MX,Santiago Acatlán
-98.35638,20.0357,MX,Santiago Tulantepec
-112.26933,27.3359,MX,Santa Rosalía
-98.57964,19.33167,MX,Santa Rita Tlahuapan
-98.48378,24.21518,MX,Santander Jiménez
-97.99079,16.76344,MX,Santa María Zacatepec
-98.10361,19.08944,MX,Santa María Xonacatepec
-96.0733,15.94909,MX,Santa María Xadani
-93.0102,17.20088,MX,Rayón
-95.119,16.82035,MX,Santa María Petapa
-98.70937,19.77891,MX,Santa María Nopaltepec
-99.62944,19.21139,MX,Santa María Nativitas
-98.40644,19.25391,MX,Santa María Moyotzingo
-99.38694,19.51528,MX,Santa María Mazatla
-99.41184,19.63005,MX,Santa María Magdalena Cahuacán
-97.65835,18.59965,MX,Santa María la Alta
-96.81917,18.10722,MX,Santa María la Asunción
-98.04333,16.37917,MX,Santa María Jicaltepec
-97.81356,19.18253,MX,Santa María Ixtiyucan
-97.91351,16.30408,MX,Santa María Huazolotitlan
-96.32063,15.83267,MX,Santa María Huatulco
-96.63147,17.04712,MX,Santa María del Tule
-99.82498,19.2902,MX,Santa María del Monte
-98.25395,19.12015,MX,Santa María Coronanco
-98.95038,19.42155,MX,Santa María Chimalhuacán
-97.68333,17.51667,MX,Santa María Chilapa de Díaz
-96.84252,16.68255,MX,Santa María Ayoquezco de Aldama
-97.68053,17.26916,MX,Santa María Asunción Tlaxiaco
-99.04472,19.97694,MX,Santa María Ajoloapan
-98.38493,19.03701,MX,Santa María Acuexcomac
-90.16362,20.54695,MX,Santa María Acú
-99.1691,19.72511,MX,Santa María Huecatitla
-91.975,16.13167,MX,Santa Rita
-98.37944,18.99667,MX,Santa Isabel Cholula
-98.02254,18.4098,MX,Santa Inés Ahuatempan
-95.392,16.06365,MX,Santa Gertrudis Miramar
-99.36667,19.73333,MX,Santa Gertrudis
-99.20074,24.01548,MX,Guillermo Zúñiga
-89.6446,20.3282,MX,Santa Elena
-96.73328,17.02909,MX,Santa Cruz Xoxocotlán
-96.67089,16.32767,MX,Santa Cruz Xitla
-99.70361,19.56917,MX,Manzana Tercera de Santa Cruz Tepexpan
-98.9695,19.71276,MX,Santa Cruz Tecamac
-99.72988,19.24964,MX,Santa Cruz Cuauhtenco
-98.30148,18.97616,MX,Santa Clara Ocoyucan
-92.47083,17.00514,MX,Santa Catarina Pantelhó
-97.26619,18.57701,MX,Santa Catarina Otzolotepec
-97.83693,16.33712,MX,Santa Catarina Mechoacán
-97.29136,16.23793,MX,Santa Catarina Juquila
-98.92984,19.20948,MX,Santa Catarina Ayotzingo
-100.45192,20.77674,MX,Santa Catarina
-99.06997,19.74414,MX,Nextlalpan
-99.39449,19.5415,MX,Santa Ana Jilotzingo
-98.14137,19.40031,MX,Santa Ana Huiloac
-98.31252,20.17544,MX,Santa Ana Hueytlalpan
-98.43472,18.83667,MX,Santa Ana Coatepec
-98.20933,19.31277,MX,Chiautempan
-98.38306,18.95556,MX,Santa Ana Acozautla
-99.62361,18.97056,MX,Santa Ana Ixtlahuatzingo (Santa Ana)
-111.12086,30.54265,MX,Santa Ana
-99.54,18.99139,MX,San Simonito
-97.24387,18.33586,MX,San Sebastián Zinacatepec
-97.71958,19.06008,MX,San Sebastián Villanueva
-97.64016,17.70485,MX,San Sebastián Tutla
-96.61365,16.95073,MX,Teitipac
-97.6418,19.13368,MX,San Salvador el Seco
-98.91867,19.5517,MX,San Salvador Atenco
-96.86737,20.18862,MX,San Rafael
-96.79834,17.205,MX,San Pedro y San Pablo Etla
-99.6526,19.0636,MX,San Pedro Tlanisco
-97.32306,18.25972,MX,San Pedro Tetitlán
-94.19425,16.36986,MX,San Pedro Tapanatepec
-96.03075,16.78324,MX,San Pedro Quiatoni
-96.46664,15.74757,MX,San Pedro Pochutla
-96.28448,16.27116,MX,San Pedro Mixtepec
-99.8217,19.62537,MX,San Pedro Los Baños
-98.01367,16.45181,MX,San Pedro Jicayán
-96.51011,18.14555,MX,San Pedro Ixcatlán
-99.8805,19.58429,MX,San Pedro el Alto
-93.11667,16.08333,MX,San Pedro Buenavista
-96.35911,16.92501,MX,San Pablo Villa de Mitla
-99.89858,20.859,MX,San Pablo Tolimán
-98.95854,19.67333,MX,San Pablo Tecalco
-96.78128,16.81948,MX,San Pablo Huixtepec
-96.88661,17.27708,MX,San Pablo Huitzo
-97.70972,18.99556,MX,San Pablo de las Tunas
-99.09527,19.6667,MX,San Pablo de las Salinas
-99.65694,19.3546,MX,San Pablo Autopan
-98.90918,19.21694,MX,San Pablo Atlazalpan
-98.17558,19.33211,MX,Apetatitlán Antonio Carbajal
-98.48547,19.07056,MX,San Nicolás de los Ranchos
-97.55105,19.16492,MX,San Nicolás de Buenos Aires
-99.42998,19.13796,MX,San Nicolás Coatepec
-99.56833,18.93333,MX,San Nicolás
-97.65425,18.75501,MX,San Miguel Zozutla
-99.73478,19.28501,MX,San Miguel Zinacantepec
-98.30824,19.16815,MX,San Miguel Xoxtla
-98.1325,19.36111,MX,San Miguel Contla
-97.59644,19.70965,MX,San Miguel Tenextatiloyan
-95.76023,16.97433,MX,San Miguel Quetzaltepec
-97.38427,16.24844,MX,San Miguel Panixtlahuaca
-99.8856,19.14953,MX,San Miguel Oxtotilpan
-96.79704,18.10112,MX,Huautepec
-98.87274,19.44999,MX,San Miguel Coatlinchán
-99.56187,19.20159,MX,Chapultepec
-98.10306,19.15194,MX,San Miguel Canoa
-99.65227,19.10906,MX,San Miguel Balderas
-99.9225,19.76028,MX,San Miguel Tenochtitlán
-98.49842,19.32368,MX,San Matías Tlalancaleca
-99.25097,19.70719,MX,San Mateo Xoloc
-97.7385,18.91375,MX,San Mateo Tlaixpan
-99.46667,19.16667,MX,San Mateo Texcalyacac
-97.86167,18.99139,MX,San Mateo Parra
-98.41692,17.65607,MX,San Mateo Nejápam
-99.5842,19.21049,MX,Mexicaltzingo
-99.17107,19.69896,MX,San Mateo Ixtacalco
-94.98187,16.21007,MX,San Mateo del Mar
-99.53201,19.26919,MX,San Mateo Atenco
-98.21079,19.42374,MX,San Martín Xaltocan
-98.45889,18.96667,MX,San Martín Tlapala
-98.43808,19.28378,MX,San Martín Texmelucan de Labastida
-97.83806,19.06528,MX,San Pedro la Joya
-98.83455,19.70497,MX,San Martín de las Pirámides
-97.60324,18.67312,MX,San Marcos Tlacoyalco
-96.94825,20.18511,MX,Vega de San Marcos
-104.19682,20.79269,MX,San Marcos
-98.19083,19.24333,MX,Teolocholco
-96.39823,18.06149,MX,San Lucas Ojitlán
-99.76278,19.50917,MX,San Lorenzo Toxico
-99.57645,19.43185,MX,San Lorenzo Oyamel
-98.46513,19.2028,MX,San Lorenzo Chiautzingo
-98.23333,19.13333,MX,San Lorenzo Almecatla
-97.8741,16.39388,MX,San Lorenzo
-97.32551,19.79534,MX,San Juan Xiutetelco
-98.66611,20.04959,MX,San Juan Tizahuapan
-98.43333,18.95,MX,San Juan Tianguismanalco
-99.06592,20.21579,MX,San Juan Tepa
-98.86263,19.68859,MX,San Juan Teotihuacán
-98.40472,18.89917,MX,San Juan Tejaluca
-96.58827,17.60152,MX,San Juan Quiotepec
-97.83107,18.46022,MX,San Juan Ixcaquixtla
-95.09439,16.96239,MX,San Juan Guichicovi
-96.54305,16.95421,MX,San Juan Guelavía
-95.13845,17.88704,MX,San Juan Evangelista
-95.76028,17.49278,MX,San Juan del Río
-95.44889,18.51778,MX,San Juan de los Reyes (Luis Valenzuela)
-99.75819,19.2482,MX,San Juan de las Huertas
-96.95697,18.2444,MX,San Juan Cuautla
-98.15555,16.61376,MX,San Juan Cacahuatepec
-96.30263,17.77552,MX,San Juan Bautista Valle Nacional
-96.12982,18.08829,MX,San Juan Bautista Tuxtepec
-96.95915,17.801,MX,San Juan Bautista Cuicatlán
-98.65894,18.83456,MX,San Juan Amecac
-97.28766,18.2917,MX,San José Miahuatlán
-96.1701,17.94802,MX,San José Chiltepec
-97.76824,19.23963,MX,San José Chiapa
-97.21061,20.13092,MX,San José Acateno
-97.96736,19.03189,MX,San Jerónimo Ocotitlán
-97.26278,18.27833,MX,San Jerónimo Axochitlán
-96.35832,15.80866,MX,San Isidro Apango
-97.12583,18.89111,MX,San Isidro
-100.13792,19.34919,MX,San Ildefonso
-97.87353,18.94175,MX,San Hipólito Xochiltenango
-98.35211,19.02818,MX,San Gregorio Atzompa
-99.66917,18.80671,MX,San Gaspar Tonatico
-97.08156,16.09506,MX,San Gabriel Mixtepec
-97.34777,18.32598,MX,San Gabriel Chilac
-97.13775,18.15171,MX,San Gabriel Casa Blanca
-99.34694,18.61417,MX,San Gabriel las Palmas
-98.98272,19.93136,MX,San Francisco Zacacalco
-99.76732,19.29353,MX,San Francisco Tlalcilalcalpan
-99.54789,19.05998,MX,San Francisco Tepexoxuca
-96.90529,17.29684,MX,San Francisco Telixtlahuaca
-94.63301,16.23226,MX,San Francisco del Mar
-98.14817,19.46959,MX,San Francisco Atezcatzinco
-98.85557,19.34317,MX,San Francisco Acuautla
-93.25238,18.3313,MX,Occidente (San Francisco)
-99.33902,17.92537,MX,San Francisco Ozomatlán
-96.52624,17.88639,MX,San Felipe Usila
-98.50175,19.23344,MX,San Felipe Teotlalcingo
-96.53518,18.0716,MX,San Felipe Jalapa de Díaz
-98.37746,19.32661,MX,Villa Mariano Matamoros
-99.95729,19.69432,MX,San Felipe del Progreso
-98.05986,20.54455,MX,San Esteban
-96.39212,16.80486,MX,San Dionisio Ocotepec
-94.75787,16.32281,MX,San Dionisio del Mar
-98.82289,19.48942,MX,San Dieguito Xochimanca
-98.76388,19.09212,MX,San Diego Huehuecalco
-98.47177,19.49307,MX,Sanctórum
-98.25417,19.09917,MX,Sanctorum
-92.63819,16.73788,MX,San Cristóbal de Las Casas
-96.41171,16.3184,MX,San Cristóbal Amatlán
-99.81914,21.65181,MX,San Ciro de Acosta
-91.15408,17.5522,MX,San Carlos
-101.54891,27.06193,MX,San Buenaventura
-98.17016,19.34632,MX,Amaxac de Guerrero
-97.52598,18.48924,MX,San Bartolo Teontepec
-96.67002,18.03235,MX,San Bartolomé Ayautla
-99.70377,19.59975,MX,San Bartolo del Llano
-99.01044,19.8151,MX,San Bartolo Cuautlalpan
-96.4887,16.76139,MX,San Baltazar Chichicapan
-97.86361,19.94139,MX,Xochitlaxco (San Baltazar)
-98.48111,18.98694,MX,San Baltazar Atlimeyaya
-95.21327,18.4487,MX,San Andrés Tuxtla
-99.91972,18.89833,MX,San Andrés Tepetitlán
-96.66423,17.10309,MX,San Andrés Huayapan
-97.91672,16.32968,MX,San Andrés Huaxpaltepec
-98.45796,19.10391,MX,San Andrés Calpan
-97.58494,18.58278,MX,San Andrés Cacaloapan
-98.88562,20.11604,MX,San Agustín Tlaxiaca
-99.43806,17.9525,MX,San Agustín Oapan
-96.61667,16.01655,MX,San Agustín Loxicha
-98.39694,18.91778,MX,San Agustín Huixaxtla
-92.34028,17.55125,MX,Salto de Agua
-95.53191,18.59058,MX,Saltabarranca
-99.85,19.43333,MX,Salitrillo
-95.19952,16.18798,MX,Salina Cruz
-89.1813,20.79154,MX,Sahcabá
-89.58912,20.49629,MX,Sacalum
-91.17877,18.971,MX,Sabancuy
-88.53874,20.03422,MX,Sabán
-99.99169,21.93032,MX,Río Verde
-88.15775,21.59649,MX,Río Lagartos
-98.67049,19.35234,MX,Río Frío
-98.09414,25.98729,MX,Río Bravo
-97.12829,18.83936,MX,Río Blanco
-95.04749,16.88677,MX,Rincón Viejo
-96.56763,19.35501,MX,Rinconada
-98.29748,26.07681,MX,Reynosa
-96.98974,19.5932,MX,Rafael Lucio
-97.79844,19.22936,MX,Rafael Lara Grajales
-97.18376,19.2543,MX,Rafael J. García
-97.02751,18.80553,MX,Rafael Delgado
-91.90331,15.92011,MX,Rodulfo Figueroa
-99.24321,17.41222,MX,Quechultenango
-97.66041,18.95422,MX,Quecholac
-98.7905,18.52384,MX,Quebrantadero
-97.92704,17.02376,MX,Putla de Guerrero
-92.42146,14.72076,MX,Puerto Madero
-97.07438,15.87677,MX,Puerto Escondido
-99.31806,18.61472,MX,Puente de Ixtla
-92.89976,17.16028,MX,Pueblo Nuevo Solistahuacán
-101.37112,20.52524,MX,Pueblo Nuevo
-98.20193,19.04334,MX,Puebla de Zaragoza
-99.18894,20.24875,MX,Progreso de Obregón
-115.5848,32.58039,MX,Progreso
-99.35688,19.63679,MX,Progreso Industrial
-96.97211,19.06943,MX,Presidio
-97.459460000000007,20.53315,MX,Poza Rica de Hidalgo
-97.72814,21.0797,MX,Potrero del Llano
-99.30606,20.48717,MX,Portezuelo
-90.17548,20.13684,MX,Pomuch
-88.5618,19.60988,MX,Polyuc
-99.2,19.41667,MX,Polanco
-95.81361,17.83031,MX,Playa Vicente
-87.07987,20.6274,MX,Playa del Carmen
-98.37585,21.27272,MX,Platón Sánchez
-96.67526,19.76085,MX,Plan de las Hayas
-88.58872,20.7,MX,Pisté
-97.9766,16.42742,MX,Pinotepa de Don Luis
-99.62526,21.1344,MX,Pinal de Amoles
-93.20938,15.68618,MX,Pijijiapan
-100.56696,28.72336,MX,Piedras Negras
-90.7656,16.33205,MX,Zamora Pico de Oro
-93.11591,17.51,MX,Pichucalco
-88.92346,20.12635,MX,Peto
-99.45588,17.48616,MX,Petaquillas
-92.41485,17.22654,MX,Petalcingo
-97.24228,19.5633,MX,Perote
-97.05139,20.04583,MX,Colonias Pedernales
-98.43139,20.05278,MX,Paxtepec
-96.43999,19.28504,MX,Paso de Ovejas
-96.13555,19.035,MX,Paso del Toro
-96.72445,18.97191,MX,Paso del Macho
-93.21408,18.39816,MX,Paraíso
-97.32495,20.44655,MX,Papantla de Olarte
-98.20389,19.16861,MX,Papalotla
-98.18472,22.05631,MX,Pánuco
-98.27012,19.31619,MX,Panotla
-99.26648,20.46943,MX,Panales
-88.26963,21.29526,MX,Panaba
-95.06249,17.13719,MX,Palomares
-97.63892,18.89891,MX,Palmarito Tochapán
-97.54774,18.83563,MX,Palmar de Bravo
-92.09127,18.25479,MX,Palizada
-91.98334,17.50904,MX,Palenque
-94.69193,18.26222,MX,Pajapan
-98.15036,20.27787,MX,Pahuatlán del Valle
-98.69619,20.07191,MX,Pachuquilla
-98.73329,20.11697,MX,Pachuca de Soto
-99.78759,18.40855,MX,San Martín Pachivia (Pachivia)
-98.79516,19.03689,MX,Ozumba de Alzate
-97.85067,21.66043,MX,Ozuluama
-89.41837,20.30651,MX,Oxkutzcab
-92.34416,16.78555,MX,Oxchuc
-98.75686,19.69989,MX,Otumba de Gómez Farías
-94.66715,18.00339,MX,Oteapan
-96.03436,18.17622,MX,Otatitlán
-93.33631,17.40721,MX,Ostuacán
-98.60662,21.16977,MX,Orizatlán
-97.10084,18.85101,MX,Orizaba
-97.62004,19.37539,MX,Oriental
-89.85741,20.55142,MX,Opichén
-98.40776,16.68848,MX,Ometepec
-96.78139,18.74507,MX,Omealca
-94.89615,17.92883,MX,Oluta
-98.74096,17.77836,MX,Olinalá
-92.96058,18.19114,MX,Olcuatitán
-98.77299,18.87857,MX,Ocuituco
-93.37317,16.75989,MX,Ocozocuautla
-99.45662,19.27127,MX,Ocoyoacac
-102.77358,20.3553,MX,Ocotlán
-97.09667,18.32389,MX,Ocotlamanic
-99.62313,19.23656,MX,Santa María Magdalena Ocotitlán
-93.1641,17.22587,MX,Ocotepec
-92.09374,16.90639,MX,Ocosingo
-100.33946,19.58298,MX,Ocampo
-98.98071,18.90583,MX,Oaxtepec
-96.71914,17.07108,MX,Oaxaca
-90.14721,20.40044,MX,Nunkiní
-93.09028,16.93611,MX,Osumacinta
-97.94996,23.17658,MX,Nuevo Progreso
-98.78333,24.01667,MX,Nuevo Padilla
-99.51639,27.47629,MX,Nuevo Laredo
-93.63361,16.49278,MX,Nueva Palestina
-99.22864,26.56219,MX,Nueva Ciudad Guerrero
-97.82255,19.21566,MX,Nopalucan de la Granja
-110.94217,31.30862,MX,Nogales
-94.61293,16.56214,MX,Niltepec
-92.58433,16.43877,MX,Nicolás Ruiz
-99.30682,19.63658,MX,Nicolás Romero
-88.92902,18.45918,MX,Nicolás Bravo
-98.84083,18.98028,MX,Nepantla de Sor Juana Inés de la Cruz
-98.01196,20.2125,MX,Necaxa
-98.42645,19.04945,MX,Nealticán
-96.77244,20.20727,MX,Nautla
-99.23963,19.47851,MX,Naucalpan de Juárez
-98.31472,19.23333,MX,Natívitas
-97.68656,21.35087,MX,Naranjos
-96.87348,19.65434,MX,Naolinco de Victoria
-94.40799,18.07113,MX,Nanchital
-98.53526,19.49241,MX,Ciudad de Nanacamilpa
-93.01881,18.16901,MX,Nacajuca
-89.71399,20.48628,MX,Muna
-96.72918,18.64213,MX,Motzorongo
-89.28332,21.09571,MX,Motul de Felipe Carrillo Puerto
-92.24812,15.36643,MX,Motozintla de Mendoza
-97.41907,18.73684,MX,Morelos Cañada
-97.91212,22.22552,MX,Moralillo
-92.05083,15.65195,MX,Monte Redondo
-99.82997,25.18944,MX,Montemorelos
-98.90835,19.45711,MX,Montecillo
-96.07806,18.98334,MX,La Laguna y Monte del Castillo
-97.01657,18.96587,MX,Monte Blanco
-98.26694,19.07361,MX,Santiago Momoxpan
-98.72688,20.78662,MX,Molango
-99.51611,17.235,MX,Mohoneras
-99.21396,20.23031,MX,Mixquiahuala
-96.855,19.92639,MX,Misantla
-97.86285,22.33145,MX,Miramar
-99.75385,23.57677,MX,Miquihuana
-98.67417,20.13958,MX,Mineral del Monte
-104.06667,19.36667,MX,Minatitlán
-99.02277,19.19174,MX,Milpa Alta
-99.15277,26.43055,MX,Mier
-96.59558,16.3327,MX,Miahuatlán de Porfirio Díaz
-99.36042,18.77071,MX,Miacatlán
-102.84725,20.9497,MX,Mezcala
-98.63749,20.53306,MX,Mezquititlán
-97.85194,20.73556,MX,Metlaltoyuca
-99.59844,19.26169,MX,Metepec
-89.620590000000007,20.9767,MX,Mérida
-94.83988,18.22101,MX,Mecayapan
-106.40616,23.2329,MX,Mazatlán
-99.36126,18.72061,MX,Mazatepec
-92.45078,14.86311,MX,Mazatán
-99.43284,18.17286,MX,Mayanalán
-90.00195,20.58559,MX,Maxcanú
-95.03908,16.87984,MX,Matías Romero
-96.66288,18.72187,MX,Mata Tenatito (Casco Hacienda)
-97.50417,25.87972,MX,Heroica Matamoros
-97.05825,20.07067,MX,Martínez de La Torre
-99.29306,22.37167,MX,Maitinez
-97.13,18.91333,MX,Mariano Escobedo
-92.89395,15.44224,MX,Mapastepec
-92.18775,14.9714,MX,Manuel Lazos
-96.33343,19.09419,MX,Manlio Fabio Altamirano
-89.39056,20.38714,MX,Maní
-89.36691,20.47716,MX,Mamá
-97.27668,18.81034,MX,Maltrata
-98.66667,17.05,MX,Malinaltepec
-99.50273,18.94592,MX,Malinalco
-98.30218,18.94252,MX,Malacatepec
-96.55777,16.90372,MX,Magdalena Teitipac
-97.48472,18.54972,MX,Magdalena Cuayucatepec
-99.21118,19.33212,MX,Magdalena Contreras
-92.5965,17.76152,MX,Macuspana
-92.83333,18.16667,MX,Macultepec
-93.07273,17.87704,MX,Luis Gil Pérez
-98.98475,19.7749,MX,Los Reyes Acozac
-98.97707,19.36356,MX,Los Reyes
-97.75734,21.50942,MX,Los Altos
-94.9175,17.8075,MX,Almagres
-97.23083,18.9225,MX,Loma Grande
-94.97373,18.21896,MX,Loma de Sogotegoyo
-88.14511,21.38858,MX,Loché
-99.02364,23.31882,MX,Llera de Canales
-98.01364,20.78242,MX,Llano Enmedio
-99.56568,24.85908,MX,Linares
-97.71444,19.45785,MX,Libres
-99.51236,19.28986,MX,Lerma de Villada
-95.51864,18.62942,MX,Lerdo de Tejada
-102.22172,17.98085,MX,Lázaro Cárdenas
-92.055179999999993,16.12197,MX,La Trinitaria
-99.22876,16.76198,MX,Las Vigas
-97.83273,20.94476,MX,Vegas de la Soledad y Soledad Dos
-91.98028,16.3119,MX,Las Margaritas
-97.61528,20.26067,MX,Las Lomas
-94.08333,17.93333,MX,Las Choapas
-94.61667,16.36667,MX,Las Amilpas
-108.05597,25.08206,MX,La Reforma
-97.1325,18.9275,MX,La Perla
-99.17129,23.80307,MX,La Misión
-98.58944,18.91083,MX,La Magdalena Yancuitlalpan
-105.17417,21.59254,MX,La Libertad
-90.673330000000007,19.48028,MX,La Joya
-96.15,18.6,MX,La Isla
-96.73306,18.54306,MX,Laguna Chica (Pueblo Nuevo)
-98.26171,16.68776,MX,La Guadalupe
-96.96027,20.10471,MX,La Defensa
-98.31944,19.22917,MX,Santo Tomás la Concordia
-99.84424,19.63322,MX,La Concepción de los Baños
-99.56833,19.18188,MX,La Concepción Coatipac (La Conchita)
-97.76667,20.76667,MX,La Ceiba
-89.66239,21.10363,MX,Komchén
-89.94804,20.91568,MX,Kinchil
-89.03504,20.79597,MX,Kantunil
-89.55811,20.93438,MX,Kanasín
-98.87987,19.10224,MX,Juchitepec de Mariano Riva Palacio
-95.01975,16.43603,MX,Juchitán de Zaragoza
-95.02722,16.20967,MX,Colonia Juárez
-97.19667,19.72917,MX,Juan Marcos (San José Buenavista)
-99.53412,19.04955,MX,Joquicingo de León Guzmán
-92.13759,18.09085,MX,Jonuta
-97.57518,20.03108,MX,Jonotla
-98.80302,18.68308,MX,Jonacatepec de Leandro Valle
-99.18028,18.61472,MX,Jojutla
-99.78831,19.71068,MX,Jocotitlán
-99.17778,18.88139,MX,Jiutepec
-92.86111,17.06723,MX,Jitotol
-99.60772,19.55713,MX,Jiquipilco
-93.64667,16.66806,MX,Jiquipilas
-99.06194,19.86889,MX,Jilotzingo
-99.53278,19.95194,MX,Jilotepec de Molina Enríquez
-96.9515,19.61196,MX,Jilotepec
-99.98766,19.12174,MX,Jesús del Monte
-95.02643,17.43446,MX,Jesús Carranza
-99.37858,23.40588,MX,Jaumave
-98.77635,18.71694,MX,Jantetelco
-96.24036,19.04088,MX,Jamapa
-98.5399,21.1312,MX,Jaltocán
-98.63487,19.72844,MX,Jaltepec
-99.0932,19.75272,MX,Jaltenco
-99.47147,21.21818,MX,Jalpan
-93.06349,18.17643,MX,Jalpa de Méndez
-99.4173,19.18517,MX,Jalatlaco
-97.08812,18.82465,MX,Jalapilla
-96.91667,19.53333,MX,Xalapa de Enríquez
-92.81244,17.72162,MX,Jalapa
-97.30711,19.80311,MX,Jalacingo
-99.19095,21.00887,MX,Jacala
-98.46499,18.60151,MX,Izúcar de Matamoros
-92.17083,14.92083,MX,Izapa 1ra. Sección
-89.01806,20.93346,MX,Izamal
-99.76694,19.56889,MX,Ixtlahuaca de Rayón
-95.10223,16.57855,MX,San Jerónimo Ixtepec
-99.67654,18.84206,MX,Ixtapan de la Sal
-98.88432,19.31905,MX,Ixtapaluca
-99.0671,19.35738,MX,Iztapalapa
-101.64165,17.66782,MX,Ixtapa
-97.06088,18.85504,MX,Ixtac Zoquitlán
-93.09596,17.43047,MX,Ixtacomitán
-99.09778,19.39528,MX,Iztacalco
-99.21689,20.47831,MX,Ixmiquilpan
-89.48193,21.15254,MX,Ixil
-97.14803,18.89728,MX,Ixhuatlancillo
-94.48402,16.35109,MX,Ixhuatán
-98.53468,21.08134,MX,Ixcatlán
-98.00689,21.23695,MX,Ixcatepec
-99.79139,18.50139,MX,Ixcateopan de Cuauhtémoc
-86.73105,21.23114,MX,Isla Mujeres
-91.492679999999993,18.78751,MX,Isla de Aguada
-93.00749,17.29264,MX,Ishuatán
-99.53936,18.34928,MX,Iguala de la Independencia
-95.98666,18.72543,MX,Ignacio de la Llave
-89.69832,20.91626,MX,Idzincab
-89.8759,21.017,MX,Hunucmá
-92.4648,15.1391,MX,Huixtla
-99.33541,18.30668,MX,Huitzuco de los Figueroa
-99.48013,17.75633,MX,Huitziltepec
-99.26772,19.02954,MX,Huitzilac
-92.68578,17.17174,MX,Huitiupán
-98.30455,16.65361,MX,Huixtepec
-93.39198,17.83386,MX,Huimanguillo
-97.15444,18.81722,MX,Huiloapan de Cuauhtémoc
-97.31667,18.75,MX,Huiloapan
-99.64926,20.37524,MX,Huichapan
-89.16091,20.72647,MX,Huhí
-97.28722,19.93889,MX,Hueytamalco
-99.07527,19.91182,MX,Hueypoxtla
-98.34752,19.47033,MX,Hueyotlipan
-95.14873,18.14479,MX,Hueyapan de Ocampo
-98.68948,18.88587,MX,Hueyapan
-98.75,18.90889,MX,Huepalcalco (San Miguel)
-98.41944,21.14,MX,Huejutla de Reyes
-98.40734,19.15945,MX,Huejotzingo
-99.20131,19.83567,MX,Huehuetoca
-92.38333,15.01873,MX,Huehuetán
-94.79306,18.15667,MX,Huazuntlán
-98.77551,18.75309,MX,Huazulco
-96.84088,18.1315,MX,Huautla de Jiménez
-98.28685,21.03105,MX,Huautla
-98.05422,20.17251,MX,Huauchinango
-96.96835,19.15024,MX,Huatusco de Chicuellar
-98.55,18.76667,MX,Huaquechula
-98.56329,17.80348,MX,Huamuxtitlán
-99.67439,24.88572,MX,Hualahuises
-97.77643,17.80967,MX,Ciudad de Huajuapam de León
-98.99667,18.83111,MX,Ex-Hacienda el Hospital
-96.42111,19.46083,MX,Hornitos
-89.84476,19.74762,MX,Hopelchén
-89.28609,20.73836,MX,Homún
-89.20168,20.86381,MX,Hoctún
-89.24651,20.816,MX,Hocabá
-94.64713,17.77128,MX,Hidalgotitlán
-99.61855,25.8569,MX,Hidalgo
-96.87982,19.96684,MX,Santa Cruz Hidalgo
-90.13485,20.17651,MX,Hecelchakán
-90.08065,20.47836,MX,Halachó
-97.215,19.72417,MX,Gutiérrez Zamora
-93.37222,17.42722,MX,Nuevo Juan del Grijalva
-99.29646,23.9258,MX,Graciano Sánchez
-99.68294,25.2585,MX,General Terán
-98.9674,21.59799,MX,General Pedro Antonio Santos
-99.1808,25.79172,MX,General Bravo
-92.1782,14.77802,MX,Frontera Hidalgo
-92.14388,15.65866,MX,Frontera Comalapa
-92.6453,18.54326,MX,Frontera
-97.27073,19.52788,MX,Francisco I. Madero
-97,18.90806,MX,Fortín de las Flores
-98.87306,20.48861,MX,Fontezuelas
-90.45111,16.12889,MX,Flor de Cacao
-97.70353,20.20051,MX,Filomeno Mata
-102.70768,19.16375,MX,Felipe Carrillo Puerto
-99.89698,20.6646,MX,Ezequiel Montes
-96.90693,20.18915,MX,Puntilla Aldama
-88.30707,21.00933,MX,Espita
-97.40628,18.86279,MX,San José Esperanza
-92.65833,15.31944,MX,Escuintla
-90.74544,18.60891,MX,Escárcega
-96.6108,19.97032,MX,Villa Emilio Carranza
-90.62083,16.28917,MX,Emiliano Zapata
-100.78521,18.591,MX,San Lucas
-96.16097,19.07433,MX,El Tejar
-99.78472,20.74111,MX,El Rincón
-97.87194,20.02528,MX,San Marcos Eloxochitlán
-99.51539,17.246,MX,El Ocotito
-92.84503,16.91148,MX,El Nopal
-98.97133,22.74213,MX,Ciudad Mante
-99.31883,20.06394,MX,El Llano
-91.37765,16.96911,MX,El Limonar
-98.45131,21.76729,MX,El Higo
-96.8725,19.62444,MX,El Espinal
-99.87067,20.30222,MX,El Cazadero
-100.49297,20.58072,MX,El Castillo
-98.21944,19.22972,MX,El Carmen Aztama
-92.72147,17.06273,MX,El Bosque
-98.91222,20.22139,MX,El Arenal
-96.73129,16.56792,MX,Ejutla de Crespo
-98.75198,18.95508,MX,Ecatzingo de Hidalgo
-99.06601,19.61725,MX,Ecatepec
-88.24473,20.64711,MX,Dzitnup
-90.05609,20.31916,MX,Dzitbalché
-88.52904,20.84014,MX,Dzitás
-88.92949,21.28185,MX,Dzilam González
-89.04204,21.24898,MX,Dzidzantún
-89.73141,19.45875,MX,Dzibalchén
-89.30956,21.21036,MX,Dzemul
-89.46971,20.38779,MX,Dzan
-99.55769,19.92914,MX,Doxhicho
-99.24198,20.0901,MX,Doxey
-96.79944,19.48417,MX,Dos Ríos
-98.45751,19.14064,MX,Domingo Arenas
-89.31693,20.74198,MX,Cuzamá
-93.17698,18.06562,MX,Cunduacán
-96.72392,18.8138,MX,Cuitláhuac
-96.78137,16.97809,MX,Cuilapan de Guerrero
-96.8698,18.77223,MX,Cuichapa
-97.52288,20.01832,MX,Cuetzalán del Progreso
-99.23075,18.9261,MX,Cuernavaca
-97.02171,18.87642,MX,Cuautlapan
-98.27137,19.08912,MX,Cuautlancingo
-98.94555,18.80459,MX,Cuautla Morelos
-99.28608,19.68486,MX,Santiago Cuautlalpan
-99.17865,19.67029,MX,Cuautitlán
-98.3105,20.03573,MX,Cuautepec de Hinojosa
-99.00298,16.74959,MX,Cuautepec
-99.37583,18.66389,MX,Cuauchichinola
-97.82031,18.91462,MX,Cuapiaxtla de Madero
-97.76917,19.2968,MX,Cuapiaxtla
-98.33472,19.10892,MX,Cuanala
-98.41252,16.47322,MX,Cuajinicuilapa
-99.29388,19.35993,MX,Cuajimalpa
-97.51017,18.81699,MX,Cuacnopalan
-99.12367,16.72352,MX,Cruz Grande
-95.01083,17.90833,MX,Cruz del Milagro
-99.20444,22.10833,MX,Nuevo Crucitas
-93.45689,16.43246,MX,Cristóbal Obregón
-86.94598,20.501,MX,San Miguel de Cozumel
-97.65771,20.24754,MX,Coyutla
-99.2114,19.77708,MX,Coyotepec
-99.16174,19.3467,MX,Coyoacán
-97.58576,20.18404,MX,Coxquihui
-97.14996,18.26682,MX,Coxcatlán
-94.63542,17.99794,MX,Cosoleacaque
-96.68278,18.60194,MX,Cosolapa
-97.04807,19.07253,MX,Heroica Coscomatepec de Bravo
-96.9903,19.33196,MX,Cosautlán de Carvajal
-95.79634,18.36678,MX,Cosamaloapan de Carpio
-95.11542,18.11461,MX,Corral Nuevo
-96.93125,18.88584,MX,Córdoba
-93.12058,16.71195,MX,Copoya
-99.04058,18.03537,MX,Copalillo
-98.97702,16.60733,MX,Copala
-93.21037,17.09292,MX,Copainalá
-98.1664,19.32932,MX,San Bernardino Contla
-89.51962,21.07412,MX,Conkal
-98.06139,19.09444,MX,Concepción Capulac (La Ex-Hacienda)
-95.17415,18.40684,MX,Comoapan
-92.13425,16.24471,MX,Comitán
-95.15649,16.49134,MX,Comitancillo
-98.92037,26.18187,MX,Comales
-93.2214,18.26295,MX,Comalcalco
-99.28333,17.06667,MX,Colotepec
-103.82215,20.36517,MX,Cocula
-98.98194,18.88417,MX,Cocoyoc
-98.86596,19.23336,MX,Cocotitlán
-87.73888,20.48298,MX,Coba
-97.46729,20.48697,MX,Coatzintla
-94.4371,18.14212,MX,Coatzacoalcos
-99.32707,18.7302,MX,Coatetelco
-99.72153,18.89492,MX,Coatepec Harinas
-97.5935,19.10768,MX,Coatepec
-93.15925,17.1303,MX,Coapilla
-99.96861,19.75306,MX,San Juan Coajomulco
-96.93998,19.65131,MX,Coacoatzintla
-99.1005,19.63452,MX,Coacalco
-99.14599,23.74174,MX,Ciudad Victoria
-99.01667,21.98333,MX,Ciudad Valles
-97.44702,18.9894,MX,Ciudad Serdán
-98.57475,19.77511,MX,Ciudad Sahagún
-92.48489,17.88358,MX,Ciudad Pemex
-99.01483,19.40061,MX,Ciudad Nezahualcóyotl
-99.1,26.35,MX,Ciudad Miguel Alemán
-97.17777,18.80615,MX,Ciudad Mendoza
-97.8349,22.27538,MX,Ciudad Madero
-100.0117,21.94037,MX,Ciudad Fernández
-99.12766,19.42847,MX,Mexico City
-99.60056,22.40153,MX,Ciudad del Maíz
-91.82471,18.64973,MX,Ciudad del Carmen
-93.72352,16.69567,MX,Cintalapa de Figueroa
-100.27389,21.24833,MX,Cieneguilla
-88.5922,19.58533,MX,Chunhuhub
-89.30111,20.42833,MX,Chumayel
-97.5946,20.20644,MX,Chumatlán
-93.48163,17.66516,MX,Chontalpa
-99.48525,19.26286,MX,San Pedro Chochula
-98.30352,19.06406,MX,Cholula
-89.29097,21.00981,MX,Cholul
-89.83024,20.75096,MX,Chocholá
-97.03178,19.01228,MX,Chocamán
-97.73484,21.35959,MX,Chinampa de Gorostiza
-94.67892,18.01919,MX,Chinameca
-99.23799,25.70131,MX,China
-90.49594,19.76993,MX,Chiná
-99.34136,19.44287,MX,San Francisco Chimalpa
-99.50578,17.5506,MX,Chilpancingo de los Bravos
-92.41667,17.23333,MX,Chilón
-105.23159,22.03196,MX,Chilapa
-99.17639,17.59459,MX,Chilapa de Alvarez
-88.48612,20.3334,MX,Chikindzonot
-97.38778,19.8207,MX,Chignautla
-98.03171,19.83866,MX,Chignahuapan
-98.57889,18.52028,MX,Chietla
-89.51623,21.13671,MX,Chicxulub
-97.66163,20.38272,MX,Chicualoque
-98.17192,20.971800000000002,MX,Chicontepec
-98.89884,19.55939,MX,Chiconcuac
-92.28599,15.74296,MX,Chicomuselo
-98.90202,19.41686,MX,San Vicente Chicoloapan
-97.10806,18.90139,MX,Chicola
-97.06646,19.2008,MX,Chichiquila
-88.21607,20.63154,MX,Chichimilá
-99.67721,17.65886,MX,Chichihualco
-88.56667,20.66667,MX,Chichén-Itzá
-98.6027,18.30076,MX,Chiautla de Tapia
-98.88236,19.54895,MX,Chiautla
-92.71998,16.56932,MX,Chiapilla
-92.98804,16.71375,MX,Chiapa de Corzo
-88.301,18.51138,MX,Chetumal
-87.93614,20.65569,MX,Chemax
-89.74277,21.26915,MX,Chelem
-98.90314,21.15621,MX,Chapulhuacán
-92.4,16.71667,MX,Chanal
-92.68959,16.78416,MX,Chamula
-90.72576,19.34441,MX,Champotón
-98.89775,19.26174,MX,Chalco de Díaz Covarrubias
-94.18333,16.3,MX,Chahuite
-95.84167,18.30528,MX,Chacaltianguis
-94.70271,18.07801,MX,Chacalapa
-101.12713,20.5925,MX,Cerro Gordo
-97.74088,21.192,MX,Cerro Azul
-98.72854,20.15909,MX,San Miguel Cerezo (El Cerezo)
-90.10972,20.50627,MX,Cepeda
-88.60434,20.96643,MX,Cenotillo
-90.39807,20.86071,MX,Celestún
-97.30977,20.70408,MX,Cazones
-97.60746,20.06361,MX,Caxhuacán
-89.70368,21.01591,MX,Caucel
-95.11398,18.42131,MX,Catemaco
-97.6327,20.7495,MX,Castillo de Teayo
-95.75508,18.37424,MX,Carlos A. Carrillo
-93.37835,17.99647,MX,Cárdenas
-99.46512,19.19305,MX,Capulhuac
-89.10294,21.15734,MX,Cansahcab
-86.84656,21.17429,MX,Cancún
-92.48333,16.91667,MX,Cancuc
-90.5277,19.83803,MX,Campeche
-98.84353,26.25457,MX,Camargo
-97.81737,18.8849,MX,Caltenco
-98.5684,19.58848,MX,Calpulalpan
-98.58443,20.89763,MX,Calnalí
-98.63444,18.63609,MX,Calmeca
-90.05097,20.3714,MX,Calkiní
-99.68835,19.33538,MX,Calixtlahuaca
-99.61833,19.16219,MX,Calimaya de Díaz González
-88.25532,18.55532,MX,Calderitas
-99.81535,20.69779,MX,Cadereyta de Montes
-99.98333,25.58333,MX,Cadereyta
-96.8059,17.13077,MX,Cacaotepec
-99.64361,18.54639,MX,Cacalotenango
-98.48614,18.78747,MX,Cacaloxúchitl
-99.70578,19.25234,MX,Cacalomacán
-89.22635,20.98306,MX,Cacalchén
-92.16642,14.99279,MX,Cacahoatán
-99.40848,18.46,MX,Buenavista de Cuéllar
-96.85667,19.04278,MX,Buena Vista
-99.16944,19.60833,MX,Buenavista
-88.79271,21.20303,MX,Buctzotz
-92.89322,16.99584,MX,Bochil
-99.11206,19.8451,MX,Miguel Bocanegra
-96.1,19.1,MX,Boca del Río
-96.8298,19.15842,MX,Boca del Monte
-93.91833,18.07861,MX,Blasillo 1ra. Sección (Nicolás Bravo)
-93.27249,16.79925,MX,Berriozábal
-100.46667,19.23333,MX,Benito Juárez
-92.61294,17.78891,MX,Belén
-90.02824,20.44248,MX,Becal
-96.93639,19.58865,MX,Banderilla
-99.75913,18.03253,MX,Nuevo Balsas
-91.53744,17.80702,MX,Balancán de Domínguez
-99.97044,16.96123,MX,Bajos del Ejido
-88.39293,18.67952,MX,Bacalar
-89.39843,21.10871,MX,Baca
-98.60235,16.73292,MX,Azoyú
-99.18594,19.48698,MX,Azcapotzalco
-99.21667,16.9,MX,Ayutla de los Libres
-104.34355,20.12906,MX,Ayutla
-96.12879,17.67332,MX,Ayotzintepec
-98.19306,19.20722,MX,Ayometitla
-98.79988,19.12692,MX,Ayapango
-93.11026,18.22507,MX,Ayapa
-98.98222,18.76694,MX,Ciudad Ayala
-98.66163,17.5493,MX,San Miguel Axoxuca
-98.75219,18.50307,MX,Axochiapan
-99.51806,18.60222,MX,Axixintla
-98.75802,19.72499,MX,Axapusco
-97.32463,18.89899,MX,Atzitzintla
-98.55306,18.54639,MX,Atzala
-97.08377,18.90675,MX,Atzacán
-97.91446,18.82198,MX,Atoyatempan
-98.66736,20.28653,MX,Atotonilco el Grande
-97.79556,19.43111,MX,Atlzayanca
-98.43613,18.90815,MX,Atlixco
-99.37519,17.65166,MX,Atliaca
-98.77859,19.02188,MX,Atlautla
-98.90355,19.66764,MX,Atlatongo
-98.89797,18.93537,MX,Atlatlahucan
-99.60961,19.06906,MX,Atlatlahuaca
-99.87376,19.80038,MX,Atlacomulco
-99.26034,19.58547,MX,Ciudad López Mateos
-99.55,19.25,MX,Atizapán
-99.22163,20.05964,MX,Atitalaquia
-99.32158,20.1783,MX,Atengo
-98.60911,18.50967,MX,Atencingo
-97.45804,19.83721,MX,Atempan
-96.72137,16.76194,MX,Asunción Ocotlán
-97.22332,17.45808,MX,Asunción Nochixtlán
-95.06076,16.50312,MX,Asunción Ixtaltepec
-93.0134,18.4135,MX,Aquiles Serdán
-98.14358,19.41333,MX,Apizaco
-99.93255,18.13127,MX,Apaxtla de Castrejón
-99.17129,19.97571,MX,Apaxco de Ocampo
-98.95972,18.79306,MX,San Pedro Apatlaco
-99.32849,17.74068,MX,Apango
-98.45152,19.71154,MX,Apan
-95.99084,19.05903,MX,Antón Lizardo
-99.08123,22.5495,MX,Antiguo Morelos
-95.44571,18.59564,MX,Ángel R. Cabada
-92.72379,15.87198,MX,Ángel Albino Corzo
-98.98841,18.76891,MX,Anenecuilco
-100.13222,27.24056,MX,Anáhuac
-98.09008,16.65252,MX,San Pedro Amuzgos
-98.045,19.04611,MX,Amozoc de Mota
-99.45806,19.30639,MX,San Miguel Ameyalco
-98.76649,19.12384,MX,Amecameca de Juárez
-98.79746,18.72371,MX,Amayuca
-96.91494,18.84575,MX,Amatlán de los Reyes
-92.45,16.51667,MX,Amatenango del Valle
-92.8184,17.37339,MX,Amatán
-99.36944,18.59861,MX,Amacuzac
-101.04001,19.82376,MX,Álvaro Obregón
-95.76063,18.77072,MX,Alvarado
-97.24533,19.76493,MX,Altotonga
-97.44194,20.95361,MX,Alto Lucero
-97.29832,18.36886,MX,Altepexi
-92.15,16.88333,MX,Altamirano
-97.93953,22.39322,MX,Altamira
-99.25943,18.74126,MX,Alpuyeca
-98.50968,17.67301,MX,Alpoyeca
-98.71083,18.87722,MX,San Antonio Alpanocan
-99.75836,19.36915,MX,Villa de Almoloya de Juárez
-100.13301,18.97293,MX,Almoloya
-99.48728,19.15981,MX,Almoloya del Río
-99.44157,19.21031,MX,San Miguel Almaya
-92.84418,18.38299,MX,Ignacio Allende
-100.02146,25.28412,MX,Allende
-97.52943,19.0987,MX,Aljojuca
-98.87581,21.43916,MX,Alfredo M. Terrazas
-101.31527,20.81564,MX,Aldama
-97.67469,20.90992,MX,Álamo
-89.34774,20.26471,MX,Akil
-97.25766,18.37831,MX,Ajalpan
-99.30834,18.68024,MX,Ahuehuetzingo
-99.18972,18.97139,MX,Lomas de Ahuatepec
-99.98694,19.96222,MX,Ahuacatitlán Cuarto y Quinto Cuartel
-94.14364,18.14233,MX,Agua Dulce
-97.30238,18.7189,MX,Acultzingo
-96.61582,19.50447,MX,Actopan
-97.79609,19.43171,MX,Atltzayanca de Hidalgo
-98.77748,21.12536,MX,Acoyotla
-98.82611,18.94861,MX,Achichipico
-99.41583,19.265,MX,San Jerónimo Acazulco
-94.91399,17.94885,MX,Acayucan
-98.84097,20.02639,MX,Acayuca
-98.20052,20.15809,MX,Acaxochitlán
-97.78474,18.98036,MX,Acatzingo de Hidalgo
-96.60601,18.53912,MX,Acatlán de Pérez Figueroa
-98.04864,18.2025,MX,Acatlán de Osorio
-98.4275,16.7375,MX,Acatepec
-99.88386,18.31818,MX,Acatempan
-99.8901,16.86336,MX,Acapulco
-92.69032,15.28184,MX,Acapetagua
-89.45158,20.81257,MX,Acancéh
-99.57206,18.56216,MX,Acamixtla
-99.84289,19.95518,MX,Acambay
-92.80525,16.55397,MX,Acala
-97.95104,19.10412,MX,Acajete
-99.46759,17.36054,MX,Acahuizotla
-99.77166,19.27554,MX,San Antonio Acahualco
-92.67559,15.34094,MX,Acacoyagua
-95.54556,17.78306,MX,Abasolo del Valle
-101.53,20.45001,MX,Abasolo
-92.14722,14.96333,MX,Talismán
-99.03639,20.17944,MX,San Nicolás Tecomatlán
-99.12246,20.0917,MX,Ajacuba
-99.83833,19.64111,MX,San Pablo de los Remedios
-98.81333,19.22492,MX,San Mateo Tezoquipan
-99.52861,18.97833,MX,San Miguel Tecomatlán
-99.18056,18.5775,MX,Higuerón
-98.94639,18.97472,MX,Cuauhtempan (San Andrés Cuauhtempan)
-98.88806,18.95222,MX,Tlaltetelco (San Miguel Tlaltetelco)
-98.7825,18.93694,MX,Huecahuasco
-96.8,17.12833,MX,San Lorenzo Cacaotepec
-99.67082,19.22632,MX,Santiago Tlacotepec
-95.88012,17.67003,MX,San José Río Manzo
-95.62333,17.26861,MX,Santa María Puxmetacán
-95.6075,17.01639,MX,Santiago Malacatepec
-96.62278,17.06056,MX,Santo Domingo Tomaltepec
-96.70056,17.02833,MX,San Antonio de la Cal
-96.70806,17.00389,MX,San Agustin de las Juntas
-96.82083,17.24083,MX,Magdalena Apasco
-99.93472,25.22528,MX,Congregación Calles
-95.09944,16.31655,MX,Santa Rosa
-95.03528,16.88917,MX,El Bajío
-97.18194,16.54111,MX,El Arador
-97.80694,16.40139,MX,San Agustín Chayuco
-98.0125,16.47583,MX,San Juan Jicayán
-98.28972,16.48833,MX,Santiago Llano Grande
-98.37778,16.33194,MX,Santo Domingo Armenta
-97.46736,19.14068,MX,José María Morelos
-97.74778,16.32126,MX,Santiago Tetepec
-97.04111,16.32528,MX,San Cristóbal Honduras
-97.14435,16.10694,MX,Santos Reyes Nopala
-96.40417,15.78639,MX,San Miguel Figueroa
-97.14694,16.92667,MX,San Antonio Huitepec
-97.01889,16.72694,MX,Santa María Lachixío
-98.19693,17.12603,MX,El Jicaral
-98.00602,17.45437,MX,San Miguel Tlacotepec
-98.22138,17.66957,MX,Santiago Tamazola
-97.57251,17.67694,MX,Tamazulapan del Progreso
-98.14083,17.85972,MX,Mariscala de Juárez
-98.06852,17.95888,MX,San Lorenzo Vista Hermosa
-97.07068,18.13225,MX,Teotitlán de Flores Magón
-96.68461,18.60729,MX,Tezonapa
-96.45098,18.12008,MX,Piedra de Amolar
-96.48278,18.20138,MX,Isla Soyaltepec
-96.4582,18.5073,MX,Tetela
-96.00194,18.11944,MX,Benemérito Juárez
-96.27184,18.0682,MX,Macín Chico
-96.30083,17.37556,MX,Tanetze de Zaragoza
-95.3678,17.47661,MX,San Felipe Zihualtepec
-95.14224,17.51516,MX,El Paraíso
-95.04667,17.07389,MX,Paso Real de Sarabia
-96.80977,17.17272,MX,Guadalupe Etla
-96.70513,16.96663,MX,Santa María Coyotepec
-105.3275,21.67972,MX,Guadalupe Victoria
-96.05528,16.95556,MX,Santo Domingo Tepuxtepec
-95.81028,15.91472,MX,El Coyul
-96.33478,15.83402,MX,La Herradura
-94.6921,16.59424,MX,La Blanca
-93.23388,18.30347,MX,Occidente 4ta. Sección
-99.20091,19.43471,MX,Miguel Hidalgo
-93.20056,18.33889,MX,Oriente 1ra. Sección
-93.01956,18.24408,MX,Tecoluta 2da. Sección
-92.87158,18.43468,MX,Gobernador Cruz
-94.04668,18.09809,MX,Villa La Venta
-93.62356,18.17419,MX,Poblado C-11 José María Morelos y Pavón
-93.3382,18.15429,MX,El Tular
-93.13222,18.14116,MX,Cúlico 2da. Sección
-93.13806,17.98519,MX,Cumuapa 1ra. Sección
-92.93639,18.05306,MX,Saloya 2da. Sección
-93.87444,17.93231,MX,Tres Bocas 1ra. Sección
-93.76639,17.92667,MX,Huapacal 1ra. Sección
-93.66582,17.96335,MX,Paso de la Mina 3ra. Sección
-92.91775,17.914180000000002,MX,Parrilla
-92.90042,17.78282,MX,Río de Teapa
-92.73977,17.82474,MX,Aquiles Serdán 1ra. Sección
-92.47778,17.65474,MX,Palomas
-92.71502,17.41028,MX,Libertad
-98.84278,21.01361,MX,Tepehuacán de Guerrero
-98.79997,21.15407,MX,Zacualtipanito
-98.3645,21.15028,MX,Chalahuiyapa
-98.33889,20.94133,MX,Tecacahuaco
-98.43218,20.90922,MX,Zoquitipán
-98.08553,20.46562,MX,Barrio Aztlán
-98.74222,20.32389,MX,Santa María Amajac
-99.05972,20.49333,MX,Pozuelos
-99.14921,20.43328,MX,Taxadho
-99.19194,20.48778,MX,El Nith
-99.48906,20.22336,MX,San Bartolo Ozocalpan
-99.348,20.156,MX,General Pedro María Anaya
-99.25242,20.15946,MX,Presas
-106.8925,23.92126,MX,La Cruz
-99.19948,20.12858,MX,Munitepec de Madero
-99.17866,20.19291,MX,Colonia Teñhe
-98.81972,20.07569,MX,El Huixmí
-98.73944,20.07028,MX,Nuevo Centro de Población Agrícola el Chacón
-98.70528,20.09,MX,Carboneras
-98.72222,20.14917,MX,Camelia (Barrio la Camelia)
-98.41667,20.08444,MX,Ahuehuetitla
-98.90135,19.94991,MX,Vicente Guerrero (San Javier)
-98.26889,19.59944,MX,San José Tepeyahualco
-98.2746,19.63684,MX,Lagunilla
-98.61771,19.53907,MX,La Soledad
-98.06455,19.33558,MX,San José Teacalco
-98.05822,19.40005,MX,Colonia Venustiano Carranza
-97.76116,19.37924,MX,Santa Cruz Pocitos
-97.65579,19.32545,MX,Tequixquitla
-97.92322,19.31491,MX,Huamantla
-97.89472,19.25111,MX,Ixtenco
-97.90722,19.20389,MX,Zitlaltépec
-97.96487,19.33182,MX,Colonia Cuauhtémoc
-98.16433,19.2603,MX,Tetlanohcán
-98.18917,19.17861,MX,Mazatecochco
-98.23333,19.17361,MX,Xicohtzinco
-98.19806,19.21639,MX,Concepción Chimalpa
-98.20056,19.22361,MX,Acuamanala
-98.1925,19.27724,MX,Tlaltelulco
-98.23471,19.24569,MX,Tepeyanco
-98.26139,19.24083,MX,San Jerónimo Zacualpan
-98.23972,19.21583,MX,Zacatelco
-98.29528,19.23056,MX,Tetlatlahuca
-98.28222,19.23944,MX,Santa Cruz Aquiahuac
-98.20959,19.32076,MX,Tlaxcala
-98.2575,19.32691,MX,Totolac
-98.20211,19.14667,MX,Tenancingo
-93.58306,16.66028,MX,Vicente Guerrero
-98.07704,19.43779,MX,Guadalupe Texcalac
-93.15906,17.6428,MX,Pueblo Juárez
-93.07172,17.63419,MX,Nuevo Nicapa
-92.01417,17.725,MX,Catazajá
-91.59578,17.02116,MX,Lacandón
-92.3989,17.45514,MX,Nuevo Limar
-92.40293,17.4149,MX,El Limar
-92.4836,17.13903,MX,Pueblo Nuevo Sitalá
-92.46889,17.00556,MX,Pantelhó
-92.70231,17.24105,MX,José María Morelos y Pavón
-92.93873,17.2072,MX,Rincón Chamula
-93.3525,17.29417,MX,San Miguel la Sardina
-107.3,28.46667,MX,Adolfo López Mateos
-93.73774,16.50634,MX,José María Pino Suárez
-93.50639,16.6675,MX,Alfonso Moguel
-98.10222,18.25667,MX,Hermenegildo Galeana
-93.35083,16.59944,MX,Ignacio Zaragoza (El Morro)
-92.71333,16.88361,MX,Larráinzar
-90.65442,16.51513,MX,Benemérito de las Américas
-106.08889,28.63528,MX,Chihuahua
-92.06875,16.39149,MX,Yasha
-92.58472,16.48119,MX,Mariano Matamoros
-92.69618,16.39396,MX,Ricardo Flores Magón
-92.66861,16.33583,MX,Presidente Echeverría (Laja Tendida)
-92.80924,16.09026,MX,Nueva Libertad
-92.81907,16.48496,MX,Unión Buenavista
-93.01712,16.14581,MX,Manuel Ávila Camacho
-93.41667,16.34611,MX,Doctor Domingo Chanona
-93.36556,16.37,MX,Joaquín Miguel Gutiérrez
-101.48417,20.98479,MX,Nuevo México
-93.475,16.37389,MX,Libertad Melchor Ocampo
-93.53,16.35,MX,Agrónomos Mexicanos
-93.71417,16.42917,MX,Julián Grajales
-103.23423,20.62445,MX,Tonalá
-93.86056,16.37889,MX,Tierra y Libertad
-93.86972,16.39389,MX,Tiltepec
-93.92778,16.48,MX,Villamorelos
-93.901840000000007,16.2375,MX,Arriaga
-93.84583,16.01278,MX,San Luqueño
-93.86667,16.05083,MX,Paredón
-93.70404,15.88947,MX,Doctor Belisario Domínguez (La Barra)
-93.58933,15.80973,MX,Manuel Ávila Camacho (Ponte Duro)
-93.21387,15.49728,MX,El Palmarcito
-99.6758,18.74754,MX,Pilcaya
-99.54861,18.7775,MX,San Gaspar
-99.46528,18.76778,MX,San Andrés Nicolás Bravo
-99.64528,18.79028,MX,El Terrero
-99.54831,18.85862,MX,San José Chalmita
-99.59111,18.86667,MX,San Pablo Tejalpa
-99.64028,18.89047,MX,La Finca
-99.58861,18.92389,MX,Acatzingo (Acatzingo de la Piedra)
-99.55667,18.92028,MX,El Carmen (El Desierto del Carmen)
-102.84926,19.18666,MX,Tepalcatepec
-99.63056,18.94528,MX,Jesús Carranza (Rancho de Jesús)
-99.66792,18.96114,MX,Santiago Oxtotitlán
-99.93913,18.94257,MX,San Agustín
-99.89561,18.9459,MX,Texcapilla
-100.42288,20.66596,MX,El Salitre
-99.57472,18.97694,MX,Chalchihuapan
-99.55639,18.96278,MX,Tepoxtepec
-99.66639,18.99389,MX,San Miguel
-99.65806,19.1,MX,Santa Cruz Pueblo Nuevo (Pueblo Nuevo)
-99.81667,19.18333,MX,Cerro La Calera
-98.79056,18.94111,MX,San Juan Tlacotompa (Tlacotompa)
-98.7875,18.98306,MX,San Juan Tepecoculco
-98.91037,19.59481,MX,Tezoyuca
-98.92407,19.62375,MX,Acolman
-98.78833,19.70944,MX,San Pablo Ixquitlán
-98.8562,19.7181,MX,San Antonio de las Palmas
-98.86028,19.88139,MX,Ixtlahuaca de Cuauhtémoc
-99.82306,20.09194,MX,La Soledad Barrio
-99.52479,20.09877,MX,San Juan Daxthi
-99.57611,20.02111,MX,La Comunidad
-99.8475,19.99,MX,Ganzda
-99.91167,19.87583,MX,Bobashi de Guadalupe
-99.40029,19.79679,MX,San Luis Anáhuac (Toriles)
-99.96917,19.76972,MX,Santiago Casandeje
-99.8875,19.58472,MX,Santa Ana Ixtlahuaca (Santa Ana Ixtlahuacingo)
-97.81787,20.61968,MX,Jaltocan
-98.12538,20.2753,MX,Atla
-97.80139,20.23139,MX,San Pedro Tlaolantongo
-97.49528,19.85278,MX,Ciudad de Tlatlauquitepec
-98.3,19.05,MX,San Andrés Cholula
-97.2686,19.34191,MX,González Ortega
-97.3535,19.08386,MX,San Miguel Zoapan
-97.31463,18.85356,MX,San José Cuyachapa
-97.40006,18.63536,MX,Chapuco
-97.51144,18.92575,MX,San Pedro Temamatla
-97.80337,18.95796,MX,Actipan
-99.92639,19.65528,MX,Dolores Hidalgo
-97.95066,18.94976,MX,Santa Cruz Ajajalpan
-97.98964,18.79379,MX,San Antonio Juárez
-98.35194,18.88361,MX,Santa Lucía Cosamaloapan
-98.35889,18.98139,MX,San Pablo Ahuatempa
-98.38306,18.88083,MX,San Isidro Huilotepec
-98.50722,18.80444,MX,Teacalco de Dorantes (San José Teacalco)
-98.44025,18.5718,MX,Raboso
-98.51667,18.73083,MX,San Diego el Organal
-98.65917,18.88917,MX,Santa Cruz Cuautomatitla
-98.69061,18.37355,MX,Huehuetlán El Chico
-98.7,18.43333,MX,Tlancualpican
-98.60389,18.3,MX,Ciudad de Chiautla de Tapia
-98.6966,18.02785,MX,Ixcamilpa
-98.54111,18.01861,MX,Acaxtlahuacán de Albino Zertuche
-97.15222,18.48417,MX,Telpatlán
-97.16419,18.29364,MX,Caipan
-98.84566,18.32779,MX,Jolalpan
-101.27872,19.39195,MX,Villa Madero
-90.51139,19.49972,MX,Santo Domingo Kesté
-90.73194,19.13361,MX,San Pablo Pixtún
-105.21972,21.82861,MX,Colonia Emiliano Zapata
-90.79153,18.44418,MX,Haro
-99.55583,18.54972,MX,San Juan de Dios (Naranjas de Dios)
-99.57787,18.14254,MX,Tecuexcontitlán (Tecoescontitlán)
-99.59395,18.05363,MX,Maxela
-99.46164,17.80292,MX,Axaxacualco
-99.58605,17.43143,MX,El Fresno
-99.52472,17.21889,MX,Julián Blanco (Dos Caminos)
-99.60973,16.71516,MX,Lomas de Chapultepec
-99.62933,16.77615,MX,Cerro de Piedra
-99.52654,16.74351,MX,Llano de la Puerta
-99.57122,16.83472,MX,Campanario
-99.4332,16.93996,MX,Llano Grande
-99.36817,16.93951,MX,Ocotitlán
-98.94878,17.78634,MX,Tecolcuautla
-98.89755,17.66038,MX,Pochutla
-99.28306,17.00583,MX,San Francisco
-99.01064,16.76777,MX,La Dicha
-98.81686,16.58335,MX,Marquelia
-98.57312,17.47355,MX,Xalatzala
-98.70394,17.16349,MX,Paraje Montero (Paraje Montero de Zaragoza)
-98.37,17.24722,MX,San Pablo Atzompa
-98.22389,17.03257,MX,Rancho Viejo (Rancho Nuevo de la Democracia)
-98.73333,16.81667,MX,San Luis Acatlán
-98.52782,16.53178,MX,El Pitahayo
-88.27056,21.29639,MX,Panabá
-88.31361,21.15444,MX,Sucilá
-88.14267,20.64389,MX,Tixhualactún
-89.13345,20.32349,MX,Kinil
-87.48666,21.10202,MX,Kantunilkin
-86.84945,21.08527,MX,Alfredo V. Bonfil
-87.20194,20.98876,MX,Leona Vicario
-88.46381,20.16514,MX,X-Cabil
-88.75389,19.80083,MX,La Presumida
-88.86167,19.71389,MX,Kancabchén
-88.07417,19.39167,MX,X-Hazil Sur
-88.45649,19.07614,MX,Los Divorciados
-96.355,19.42889,MX,El Paraíso (La Charca)
-96.38278,19.37167,MX,Cabezas
-96.39361,19.2775,MX,El Hatito
-96.6525,19.40184,MX,Plan del Río
-96.8661,19.43351,MX,Bella Esperanza
-97.17348,19.04514,MX,Cuiyachapa
-97.06378,19.03981,MX,Tetlaxco
-96.91889,19.07528,MX,Ixcatla
-96.84306,19.01556,MX,San José Tenejapa
-96.84057,19.23099,MX,Mata de Indio
-96.63524,19.11233,MX,Sonora
-96.59583,19.11083,MX,San Francisco Nacaxtle
-96.19778,19.15194,MX,Las Amapolas
-96.86054,18.87868,MX,Paraje Nuevo
-96.94556,18.84306,MX,Trapiche Viejo
-96.86861,18.75556,MX,Rincón de Buena Vista
-96.95389,18.84722,MX,San José de Tapia
-97.01833,18.93722,MX,Monte Salas
-97.02779,18.83622,MX,Campo Chico
-97.16806,18.79028,MX,La Cuesta
-97.20556,18.92722,MX,San Isidro el Berro
-97.23722,18.88778,MX,San José Súchil
-94.97028,18.19778,MX,El Aguacate
-94.87667,18.01333,MX,Ixhuapan
-94.26306,17.97778,MX,Tlacuilolapan
-94.66667,17.93611,MX,Coacotla
-94.70833,17.86611,MX,Las Lomas de Tacamichapan
-94.9025,17.96306,MX,Colonia Lealtad
-94.97056,17.9375,MX,Congregación Hidalgo
-94.99806,17.94167,MX,Dehesa
-98.43006,21.22334,MX,San Pedro Coyutla
-98.36528,20.58417,MX,Texcatepec
-97.92782,20.60941,MX,Pisaflores
-97.3725,20.93694,MX,La Victoria (La Peñita)
-97.2025,20.72222,MX,Barra de Cazones
-97.25919,20.52778,MX,Polutla
-97.69194,20.27417,MX,Macedonio Alonso
-97.68083,20.20917,MX,Mecatlán
-107.22741,28.39389,MX,Ignacio Zaragoza
-96.88537,19.68972,MX,San Marcos Atesquilapan
-96.69601,19.70304,MX,Monte Verde Chivería
-96.43204,19.77225,MX,Palma Sola
-95.3061,18.53197,MX,Tapalapan
-96.77194,18.68056,MX,Presidio (Plan de Libres)
-95.16765,18.4619,MX,Santa Rosa Abata
-95.26033,18.33645,MX,Juan Jacobo Torres [Bodega de Totontepec]
-95.32806,18.34917,MX,Tilapan
-95.2175,17.80889,MX,Estación Juanita
-95.40139,17.99389,MX,Juan Rodríguez Clara
-95.015,17.81083,MX,Aguilera
-94.75417,17.64194,MX,Venustiano Carranza (Peña Blanca)
-94.76028,17.755,MX,San Lorenzo Tenochtitlán
-94.55137,17.27398,MX,Poblado Cinco
-99.84861,20.67083,MX,Boxasní
-99.9933,20.46616,MX,La Llave
-99.95572,20.41556,MX,Santa Cruz Escandón
-99.92697,20.3413,MX,Paso de Mata
-99.95222,20.17083,MX,Yosphí
-99.82389,19.29889,MX,San Bartolo el Viejo
-99.81778,19.38806,MX,San Pedro de la Hortaliza (Ejido Almoloyán)
-99.99944,19.44972,MX,Las Peñas
-99.82806,19.54222,MX,El Rincón de los Perales
-99.825,19.60111,MX,Guadalupe Cachi
-99.78806,19.57972,MX,Emiliano Zapata (Santo Domingo)
-99.77472,19.62028,MX,San Francisco de Guzmán
-99.94889,19.56694,MX,Fresno Nichi
-99.94389,19.5525,MX,Mina Vieja
-99.91667,19.53944,MX,Palos Amarillos (Palos Amarillos Yebuciví)
-99.98692,19.51205,MX,Cuadrilla Vieja
-99.95861,19.52139,MX,Barrio de San Isidro
-99.97111,19.56222,MX,San Antonio de las Huertas
-99.95913,19.60516,MX,San Juan Cote Ejido
-99.94949,19.63106,MX,San Jerónimo Bonchete
-99.95306,19.65972,MX,Santa Cruz Mextepec
-99.90889,19.74389,MX,Ejido del Tunal Nenaxi
-99.97194,19.67833,MX,San Lucas Ocotepec
-99.97417,19.68722,MX,El Carmen Ocotepec
-99.93,19.69806,MX,San Juan Jalpa Centro
-99.93052,19.64248,MX,San Agustín Mextepec
-99.87,19.59583,MX,Santa Ana la Ladera
-99.89083,19.60111,MX,San Isidro Boxipe
-99.81583,19.72556,MX,Santa María Endare
-99.82222,19.70417,MX,Mavoro
-99.91667,19.64444,MX,Emilio Portes Gil
-99.83833,19.55111,MX,San Juan de las Manzanas
-99.84139,19.56472,MX,La Concepción Enyege
-99.92917,19.78139,MX,Santiago Citendejé
-99.94778,19.80028,MX,Cuendo
-99.91222,19.8125,MX,San Lorenzo Tlacotepec
-99.91611,19.86194,MX,San Juan de los Jarros
-99.8558,19.81316,MX,San Luis Boro
-99.85306,19.78917,MX,Tecoac (Santa María Nativitas)
-99.89389,19.86639,MX,San Bartolo Lanzados
-99.84,19.79056,MX,San José del Tunal
-99.84306,19.79,MX,El Rincón de la Candelaria
-99.82167,19.77,MX,San Francisco Chalchihuapan
-99.81667,19.75472,MX,San Antonio Enchisi
-99.8125,19.77806,MX,San Pedro del Rosal
-99.75833,19.76778,MX,San Felipe Pueblo Nuevo
-99.91444,19.96556,MX,Tixmadeje Chiquito
-99.88389,19.97028,MX,Detiña (San Antonio Detiña)
-99.83694,19.94778,MX,La Caridad
-99.91083,19.91444,MX,San Mateo el Viejo
-99.923330000000007,19.87861,MX,San Jerónimo de los Jarros
-99.91,19.86333,MX,Chosto de los Jarros
-99.93861,19.86639,MX,San José Toxi
-99.88667,19.805,MX,Santa Cruz Bombatevi
-99.75278,19.89556,MX,Tercera Manzana de Zaragoza
-99.55611,19.97222,MX,Las Huertas
-99.87389,19.67833,MX,Jalpa de los Baños
-99.7175,19.80611,MX,San Marcos Tlazalpan
-99.72861,19.70167,MX,San José Boqui
-99.735830000000007,19.715,MX,Huemetla
-99.68444,19.70778,MX,Barrio de Boyecha
-99.68472,19.67472,MX,San Antonio Nixini
-99.61333,19.64972,MX,San Lorenzo Malacota
-99.68361,19.62528,MX,Rancho Alegre
-99.725,19.63444,MX,Santa María del Llano
-99.75,19.56528,MX,Barrio de San Pedro la Cabecera
-99.7125,19.54056,MX,San Miguel Yuxtepec
-99.57455,19.49858,MX,Enthavi
-99.60306,19.47417,MX,Pothé
-99.56671,19.47996,MX,San Pedro de Abajo
-99.52611,19.47028,MX,San Mateo Capulhuac
-99.61278,19.43083,MX,Ejido de Dolores
-99.63111,19.43528,MX,San José Pathé
-99.74806,19.35611,MX,La Cabecera
-99.70583,19.35194,MX,San Martín Toltepec
-99.67922,19.32378,MX,Yachihuacaltepec
-99.60349,19.33241,MX,San Mateo Otzacatipan
-99.59399,19.3056,MX,San María Totoltepec
-99.5425,19.32337,MX,El Cerrillo Vista Hermosa
-99.71306,19.26028,MX,San Antonio Buenavista
-99.50844,19.26538,MX,San Pedro Tultepec
-99.63018,19.22762,MX,San Bartolomé Tlaltelulco
-99.66019,19.21997,MX,San Juan Tilapa
-99.49872,19.19957,MX,San Pedro Tlaltizapan
-99.58636,19.19256,MX,San Andrés Ocotlán
-99.63556,19.12778,MX,San Francisco Putla
-99.55194,19.01306,MX,San Gabriel Zepayautla
-99.57732,19.03655,MX,San Pedro Zictepec
-99.55722,19.02889,MX,Maxtleca de Galeana
-99.54,19.11139,MX,Santa María Jajalpa
-99.56722,19.16306,MX,San Antonio la Isla
-99.4475,19.12111,MX,Tlacomulco
-99.48222,19.13417,MX,San Lorenzo Huehuetitlán
-99.41913,19.19075,MX,Santiago Tilapa
-99.24315,19.05513,MX,Tres Marías
-99.48639,19.26444,MX,San Pedro Cholula
-99.46002,19.32163,MX,San Mateo Atarasquillo
-99.15766,19.3984,MX,Benito Juarez
-99.35016,19.35985,MX,Huixquilucan
-99.333,19.35551,MX,Zacamulpa
-99.28736,19.40376,MX,San Bartolomé Coatepec
-99.44806,19.39694,MX,Santa Cruz Huitzizilapan
-99.35056,19.60056,MX,Loma del Río
-99.32528,19.59361,MX,San Miguel Hila
-99.38417,19.65333,MX,San José el Vidrio
-99.39861,19.83972,MX,San Luis Taxhimay
-99.35083,19.87056,MX,Santiago Tlapanaloya
-99.30917,19.84083,MX,Cantera de Villagrán
-99.37222,19.96444,MX,Santiago Tlautla
-99.33889,19.98889,MX,Santa María Ilucan
-99.31718,19.99703,MX,San Miguel Vindho
-99.28889,19.82361,MX,Unidad San Miguel Jagüeyes
-99.00667,19.91111,MX,Emiliano Zapata (San José Bata)
-99.18492,19.82638,MX,San Pedro Xalpa
-99.1438,19.70246,MX,Melchor Ocampo
-99.25639,19.68056,MX,Huilango
-99.1234,19.65791,MX,Santiago Teyahualco
-99.05384,19.68921,MX,Santa María Tonatitla
-99.01,19.68028,MX,Ojo de Agua
-99.00833,19.64056,MX,Santo Tomas Chiconautla
-110.247,27.417,MX,Río Muerto
-109.36806,27.84111,MX,Rosario
-110.29351,27.64354,MX,Vicam
-111.4775,28.84028,MX,Miguel Alemán (La Doce)
-112.63972,30.84556,MX,El Diamante (La Retranca)
-101.71056,22.15373,MX,El Nigromante
-101.79449,22.36794,MX,Colonia José María Morelos
-102.3311,22.50754,MX,Piedra Gorda
-102.10999,22.66558,MX,General Pánfilo Natera
-102.19782,22.65279,MX,Pozo de Jarillas
-100.43829,20.86821,MX,La Luz
-102.41944,22.89583,MX,El Lampotal
-102.74256,22.99747,MX,General Enrique Estrada
-102.61582,23.09072,MX,Las Catarinas
-103.24401,23.74366,MX,Cañas
-100.26689,22.32617,MX,Villa Juarez
-100.76477,22.00798,MX,La Esperanza
-102.05,22.95,MX,Los Zacatones
-102.17666,23.00284,MX,Dulce Grande
-106.01667,31.36667,MX,Praxédis Guerrero
-105.43056,28.42306,MX,Julimes
-105.15833,26.73722,MX,José Esteban Coronado
-106.88362,30.14937,MX,Ejido Benito Juárez
-105.60389,22.61972,MX,Ojo de Agua de Palmillas
-105.72444,22.58167,MX,Cristo Rey
-105.67167,22.76667,MX,Tecualilla
-105.84556,22.73306,MX,Isla del Bosque
-106.05889,23.12889,MX,El Huajote
-103.11696,25.77982,MX,Concordia
-107.36722,24.32444,MX,Eldorado
-107.80056,24.57556,MX,Las Aguamitas
-107.54556,24.68,MX,Lo de Jesús (Campo Romero)
-107.52333,24.91361,MX,El Limón de los Ramos
-107.97528,24.72167,MX,Dautillos
-108.63456,25.66407,MX,Gabriel Leyva Solano
-108.77875,25.50974,MX,El Huitusi
-108.87315,25.97376,MX,Benito Juárez (Vinatería)
-103.73929,20.6714,MX,El Refugio
-104.56512,19.2366,MX,Cihuatlán
-103.26548,25.74809,MX,Jaboncillo
-101.28212,27.65144,MX,Minas de Barroterán
-103.57488,25.81345,MX,Seis de Octubre
-116.06185,30.84189,MX,Camalú
-116.9139,32.22226,MX,Primo Tapia
-114.99933,32.19304,MX,Estación Coahuila
-115.16792,32.22756,MX,Doctor Alberto Oviedo Mota
-115.19618,32.35497,MX,Delta
-115.3315,32.61096,MX,Islas Agrarias Grupo A
-100.97852,18.47694,MX,Zirándaro
-100.82678,19.86101,MX,Zinapécuaro
-101.55212,17.64344,MX,Zihuatanejo
-103.06766,20.62248,MX,Zapotlanejo
-102.92611,20.46639,MX,Zapotlán del Rey
-103.41752,19.62749,MX,Zapotiltic
-102.80555,21.11257,MX,El Zapote
-103.38479,20.72356,MX,Zapopan
-102.28477,19.98912,MX,Zamora de Hidalgo
-103.5687,20.22816,MX,Zacoalco de Torres
-102.58141,22.76843,MX,Zacatecas
-101.79042,19.81389,MX,Zacapú
-101.13212,20.21081,MX,Yuriria
-102.28342,20.33738,MX,Yurécuaro
-101.27321,20.97081,MX,Yerbabuena
-109.52004,26.70523,MX,Yavaros
-102.88611,21.17978,MX,Yahualica de González Gallo
-105.06451,21.836,MX,Yago
-102.475,20.27286,MX,Vistahermosa de Negrete
-100.71667,28.21667,MX,Villa Union
-106.2172,23.18987,MX,Villa Unión
-105.50642,26.44085,MX,Villa Ocampo
-102.88361,22.35653,MX,Villanueva
-102.59738,20.02021,MX,Villamar
-102.06929,22.09448,MX,Villa Juárez
-102.58854,21.67919,MX,Villa Hidalgo
-100.9967,20.51499,MX,Villagrán
-101.91616,22.51222,MX,Villa González Ortega
-101.9553,22.16246,MX,Villa García
-101.45212,26.92814,MX,Ciudad Frontera
-101.63833,19.40641,MX,Villa Escalante
-100.93222,21.80418,MX,Villa de Reyes
-100.5941,25.81147,MX,Villa de García
-102.35024,23.29329,MX,Villa de Cos
-103.73778,19.26722,MX,Ciudad de Villa de Álvarez
-103.66416,20.41564,MX,Villa Corona
-101.63458,20.14848,MX,Villachuato
-106.51222,30.61861,MX,Miguel Ahumada
-100.35024,20.43111,MX,El Vegil
-102.80421,25.33979,MX,Viesca
-103.52098,25.6386,MX,El Vergel
-101.12666,20.53248,MX,Valtierrilla
-103.57036,22.77061,MX,Valparaíso
-101.18917,20.39321,MX,Valle de Santiago
-102.94364,19.9337,MX,Valle de Juárez
-102.61683,21.01114,MX,Valle de Guadalupe
-100.13394,19.19387,MX,Valle de Bravo
-105.24802,20.80682,MX,Valle de Banderas
-105.4,26.93333,MX,Valle de Ignacio Allende
-106.58333,28.21667,MX,Valentín Gómez Farías
-101.08191,20.60113,MX,Valencia de Cerro Gordo
-103.54001,19.87455,MX,Usmajac
-102.05278,19.41362,MX,Uruapan del Progreso
-101.1825,20.14085,MX,Uriangato
-110.38762,29.42708,MX,Ures
-104.26901,19.95755,MX,Unión de Tula
-102.00544,21.12774,MX,Unión de San Antonio
-101.57857,19.62903,MX,Tzintzuntzán
-103.37587,19.55555,MX,Tuxpan
-101.62667,20.26223,MX,Tres Mezquites
-103.81977,20.53958,MX,Trapiche de Abra
-102.36638,22.7349,MX,Trancoso
-102.79222,20.54217,MX,Tototlán
-103.4176,25.54333,MX,Torreón
-109.05408,25.60367,MX,Topolobampo
-103.51657,19.43365,MX,Tonila
-103.97074,19.78703,MX,Tonaya
-101.86027,19.31142,MX,Tomendán
-103.91452,19.60004,MX,Tolimán
-110.2233,23.44649,MX,Todos Santos
-102.05652,19.9708,MX,Tlazazalca
-103.29327,20.6409,MX,Tlaquepaque
-100.53787,18.24101,MX,Tlapehuala
-100.17306,19.80527,MX,Tlalpujahua de Rayón
-100.47728,18.41019,MX,Tlalchapa
-103.44654,20.47421,MX,Tlajomulco de Zúñiga
-103.44163,26.10794,MX,Tlahualilo de Zaragoza
-100.50703,20.66151,MX,Tlacote el Bajo
-103.04397,20.16138,MX,Tizapán el Alto
-100.73725,18.90187,MX,Tiquicheo
-102.48253,19.73839,MX,Tingüindín
-101.85305,19.50208,MX,Tingambato
-117.00371,32.5027,MX,Tijuana
-100.57274,21.66797,MX,Tierranueva
-103.46131,21.4634,MX,Teul de González Ortega
-103.8492,20.68476,MX,Teuchitlán
-103.46993,20.80051,MX,Tesistán
-104.88936,21.5008,MX,Tepic
-102.16667,22.21667,MX,Tepezalá
-103.32704,21.67147,MX,Tepechitlán
-103.64162,19.98941,MX,Tepec
-102.76347,20.81692,MX,Tepatitlán de Morelos
-103.378,20.09223,MX,Teocuitatlán de Corona
-102.57449,21.43421,MX,Teocaltiche
-100.79789,20.59956,MX,Tenería
-104.16372,20.21673,MX,Tenamaxtlán
-100.15301,18.90467,MX,Tejupilco de Hidalgo
-105.45675,22.39779,MX,Tecuala
-100.64121,17.22278,MX,Tecpan de Galeana
-102.49606,20.11503,MX,Tecomatán
-103.87564,18.91463,MX,Tecomán
-114.98333,32.56667,MX,Tecolots
-104.04667,20.19942,MX,Tecolotlán
-116.62509,32.56716,MX,Tecate
-103.30749,19.47137,MX,Tecalitlán
-105.738,22.53983,MX,Teacapán
-105.93083,24.10278,MX,Tayoltita
-100.75612,20.28704,MX,Tarimoro
-101.12917,19.775,MX,Campestre Tarímbaro
-101.91833,19.33263,MX,Taretán
-100.51911,20.00237,MX,Tarandacuao
-103.75855,19.94624,MX,Tapalpa
-102.32974,20.28583,MX,Tanhuato de Guerrero
-102.20514,19.88667,MX,Tangancícuaro de Arista
-102.36231,19.33766,MX,Tancítaro
-103.25225,19.67754,MX,Tamazula de Gordiano
-108.45528,25.44639,MX,Tamazula
-102.28305,19.94819,MX,Tamándaro
-104.82213,20.38084,MX,Talpa de Allende
-103.70092,20.6536,MX,Tala
-102.05084,19.85696,MX,Tacuro (Santa María Tacuro)
-102.40452,22.82073,MX,Tacoaleche
-101.45817,19.23514,MX,Tacámbaro de Codallos
-102.91105,21.86286,MX,Tabasco
-103.70994,19.37498,MX,Suchitlán
-104.28056,20.30194,MX,Soyatlán del Oro
-112.8513,31.86165,MX,Sonoyta
-103.64214,23.63482,MX,Sombrerete
-100.94192,22.18778,MX,Soledad Díez Gutiérrez
-100.87184,21.85138,MX,Socavón (El Carmen)
-106.24157,23.34175,MX,Siqueros
-108.2224,25.82315,MX,Sinaloa de Leyva
-109.43761,26.91092,MX,Sinahuisa
-101.42964,20.94356,MX,Silao
-101.90042,19.62892,MX,Sevina
-101.39508,20.77858,MX,Serrano
-103.59722,19.88361,MX,Sayula
-105.29172,28.02927,MX,Saucillo
-103.71641,25.45176,MX,Sapioris
-105.29707,21.95043,MX,San Vicente
-100.92068,20.22204,MX,Santo Tomás Huatzindeo
-102.08499,19.84516,MX,Santo Tomás
-100.76111,21.60611,MX,Ejido la Pitahaya (Santo Domingo)
-102.23716,20.72533,MX,Santiaguito (Santiaguito de Velázquez)
-102.43636,19.95572,MX,Santiago Tangamandapio
-105.41917,25.04389,MX,Santiago Papasquiaro
-105.20789,21.81102,MX,Santiago Ixcuintla
-100.99518,20.59844,MX,Santiago de Cuenda
-101.45909,22.45464,MX,Santiago
-101.31617,20.95942,MX,Santa Teresa
-100.44615,20.74206,MX,Santa Rosa Jáuregui
-103.11028,23.60556,MX,José María Morelos (Santa Mónica)
-100.73684,21.79693,MX,Santa María del Río
-104.58696,21.3339,MX,Santa María del Oro
-103.40611,21.51167,MX,Santa María de la Paz
-103.15127,25.78923,MX,Veinte de Noviembre (Santa Lucía)
-104.70888,24.4542,MX,José Guadalupe Aguilera (Santa Lucía)
-113.42005,28.30103,MX,Santa Isabel
-101.55416,19.67252,MX,Santa Fe de la Laguna
-102.86382,20.37514,MX,Santa Cruz el Grande
-103.43333,20.53333,MX,Santa Cruz del Valle
-103.50278,20.48056,MX,Santa Cruz de las Flores
-103.35694,24.475,MX,Santa Clara
-105.72323,25.3403,MX,Santa Catarina de Tepehuanes
-105.81902,26.80527,MX,Santa Bárbara
-103.44,20.55056,MX,Santa Anita
-102.32333,19.53445,MX,Santa Ana Zirosto
-102.01583,20.34722,MX,Santa Ana Pacueco
-101.01987,20.00778,MX,Santa Ana Maya
-102.53942,19.16057,MX,Santa Ana Amatlán
-100.08071,19.29273,MX,San Simón de la Laguna
-103.41667,20.51667,MX,San Sebastián el Grande
-101.85253,20.97132,MX,San Roque
-115.94357,30.56364,MX,San Quintín
-102.35,22.4482,MX,San Pedro Piedra Gorda
-104.75228,21.2192,MX,San Pedro Lagunillas
-102.95406,20.31724,MX,San Pedro Itzicán
-100.93875,20.2283,MX,San Pedro de los Naranjos
-109.73707,29.28661,MX,San Pedro de la Cueva
-103.21667,25.43333,MX,San Pedro
-104.70341,19.22472,MX,San Patricio
-100.30222,25.74167,MX,San Nicolás de los Garza
-100.24111,19.18472,MX,San Nicolás Tolentino
-109.0497,25.94734,MX,San Miguel Zapotitlán
-100.74785,20.57428,MX,San Miguel Octopan
-102.40414,21.03011,MX,San Miguel el Alto
-105.3373,24.83026,MX,San Miguel de Papasquiaro
-100.74389,20.91528,MX,San Miguel de Allende
-103.92878,20.43538,MX,San Martín Hidalgo
-114.77186,32.45612,MX,San Luis Río Colorado
-100.9828,22.14993,MX,San Luis Potosí
-100.51676,21.29787,MX,San Luis de la Paz
-113.75,28.43333,MX,San Luis
-100.02806,19.10139,MX,San Lucas del Pulque
-109.91238,22.89088,MX,Cabo San Lucas
-103.3608,20.40815,MX,San Lucas Evangelista
-102.17975,21.01093,MX,San Julián
-102.33184,21.24891,MX,San Juan de los Lagos
-100.76143,20.62577,MX,San Juan de la Vega
-105.19154,20.81484,MX,San Juan de Abajo
-103.34109,20.28756,MX,San Juan Cosalá
-101.21833,25.25333,MX,San Juan de la Vaquería
-100.98075,20.93915,MX,Xoconoxtle el Grande
-101.26475,20.69532,MX,San José Temascatío
-100.38379,21.00116,MX,San José Iturbide
-100.3819,20.65524,MX,San José el Alto
-103.40162,25.64885,MX,San José de Viñedo
-103.23796,20.51405,MX,San José del Castillo
-109.69771,23.05888,MX,San José del Cabo
-102.41583,22.14833,MX,San José de Gracia
-101.3725,27.58778,MX,San José de Aura
-102.78472,23.18972,MX,Estación San José
-100.20288,19.31494,MX,San Jerónimo Totoltepec
-100.46832,17.13674,MX,San Jerónimo de Juárez
-101.34499,17.56818,MX,San Jeronimito
-102.23361,22.34861,MX,San Jacinto
-101.86056,20.91167,MX,San Ignacio de Hidalgo
-106.42612,23.93931,MX,San Ignacio
-101.17417,19.96583,MX,Doctor Miguel Silva (San Guillermo)
-104,19.76667,MX,San Gabriel
-101.80751,19.57335,MX,San Francisco Pichataro
-102.39861,19.55625,MX,San Francisco Peribán
-101.85695,21.01958,MX,San Francisco del Rincón
-102.26667,22.08333,MX,San Francisco de los Romos
-103.41688,25.9369,MX,San Francisco de Horizonte (Horizonte)
-101.21593,21.47777,MX,San Felipe
-105.41951,22.38417,MX,San Felipe Aztatán
-102.18128,19.61701,MX,San Felipe de los Herreros
-100.87277,21.46575,MX,San Diego de la Unión
-101.99481,20.99434,MX,San Diego de Alejandría
-101.47583,20.65795,MX,San Cristóbal
-103.30298,21.78221,MX,Tlaltenango de Sánchez Román
-105.28458,21.54374,MX,San Blas
-100.26,19.5068,MX,Francisco Serrato (San Bartolo)
-100.05583,19.24889,MX,San Bartolo
-102.30028,19.02887,MX,San Antonio la Labor
-100.05844,25.63868,MX,San Antonio
-103.47144,19.82059,MX,San Andrés Ixtlán
-101.63221,19.66943,MX,San Andrés Ziróndaro
-107.14,24.80222,MX,Sanalona
-101.07306,19.96196,MX,San Agustín del Pulque
-103.46622,20.54638,MX,Nicolás R Casillas
-100.87923,20.21249,MX,Salvatierra
-100.22505,19.99083,MX,Salto de Tepuxtepec
-101.00128,25.41942,MX,Saltillo
-102.08305,22.86605,MX,Salitral de Carrera
-101.71417,22.62795,MX,Salinas de Hidalgo
-101.19119,20.57224,MX,Salamanca
-103.24814,23.58023,MX,Saín Alto
-102.71575,20.05858,MX,Sahuayo de Morelos
-109.23328,29.05476,MX,Sahuaripa
-100.18187,26.50358,MX,Sabinas Hidalgo
-101.11738,27.85591,MX,Ciudad Sabinas
-105.14383,21.95107,MX,Ruiz
-117.04645,32.36044,MX,Rosarito
-105.20644,22.12208,MX,Rosamorada
-105.55824,28.18787,MX,Rosales
-100.83736,20.58186,MX,Roque
-101.51666,20.87179,MX,Romita
-102.25876,20.02974,MX,Romero de Guzmán
-104.55949,25.1786,MX,Rodeo
-103.03178,23.82521,MX,Río Grande
-100.75513,20.42402,MX,Rincón de Tamayo
-102.32156,22.22869,MX,Rincón de Romos
-102.9625,23.45056,MX,Lázaro Cárdenas (Rancho Grande)
-100.94772,25.54227,MX,Ramos Arizpe
-101.52426,19.66499,MX,Quiroga
-107.21977,24.42395,MX,Quila
-100.38806,20.58806,MX,Santiago de Querétaro
-100.94932,19.88402,MX,Queréndaro
-101.52167,19.09634,MX,Puruarán
-101.51418,20.08695,MX,Puruándiro
-104.60534,19.71738,MX,Purificación
-102.00361,19.90917,MX,Purépero
-104.82318,21.58443,MX,Puga
-105.23066,20.62041,MX,Puerto Vallarta
-113.53392,31.32141,MX,Puerto Peñasco
-107.63439,31.77718,MX,Puerto Palomas
-105.33529,21.71732,MX,Puerta de Mangos
-110.03383,27.35492,MX,Pueblo Yaqui
-111.58687,28.72271,MX,Providencia
-102.57047,22.94796,MX,Pozo Gamboa
-110.41578,27.626,MX,Potam
-102.92557,20.37963,MX,Poncitlán
-103.60703,25.77111,MX,Poanas
-102.84026,23.22727,MX,Plateros
-109.04121,25.7691,MX,Plan de Ayala (Campo Cinco)
-112.05359,30.67639,MX,Pitiquito
-100.0975,19.24056,MX,Santa María Pipioltepec (Pipioltepec)
-101.57512,22.29734,MX,Pinos
-103.38275,19.24991,MX,Pihuamo
-103.48588,25.32466,MX,Picardías
-101.26685,17.53892,MX,Petatlán
-100.05071,25.78482,MX,Pesquería
-110.89611,29.37972,MX,Pesqueira
-105.35402,22.04925,MX,Pericos
-102.41482,19.52017,MX,Peribán de Ramos
-104.02659,24.79289,MX,Peñón Blanco
-101.7213,20.43222,MX,Pénjamo
-101.93333,20.10737,MX,Penjamillo de Degollado
-100.14214,20.49943,MX,Pedro Escobedo
-101.46915,19.14113,MX,Pedernales
-101.6097,19.51931,MX,Pátzcuaro
-101.91528,19.39181,MX,Patuán
-102.08162,22.48666,MX,Pastoría
-102.54528,20.27278,MX,Paso de Hidalgo (Paso de Álamos)
-102.1792,25.44156,MX,Parras de la Fuente
-109.91293,27.05727,MX,Paredoncito
-100.76211,20.14473,MX,Parácuaro
-102.04763,19.64654,MX,Paracho de Verduzco
-104.32512,24.54034,MX,Pánuco de Coronado
-101.76069,19.98278,MX,Panindícuaro de la Reforma
-101.96542,21.91837,MX,Palo Alto
-105.77111,22.65861,MX,Palmito del Verde
-101.42319,27.89232,MX,Palau
-102.56568,20.11924,MX,Pajacuarán
-102.33944,22.17708,MX,Pabellón de Hidalgo
-100.78278,20.75806,MX,Orduña de Abajo
-101.60512,19.41113,MX,Opopeo
-101.59279,21.86529,MX,Ojuelos de Jalisco
-100.75384,21.84695,MX,Ojo Caliente
-104.54487,29.56689,MX,Ojinaga
-101.49755,26.99558,MX,Ocho de Enero
-100.84943,20.10854,MX,Obrajuelo
-101.95106,20.25572,MX,Numarán
-102.34833,19.54806,MX,Nuevo Zirosto
-101.86763,19.16558,MX,Nuevo Urecho
-102.12986,19.41722,MX,Nuevo San Juan Parangaricutiro
-105.07462,24.88633,MX,Nuevo Ideal
-101.64639,18.66411,MX,Churumuco de Morelos
-107.90948,30.42298,MX,Nuevo Casas Grandes
-101.21812,27.94028,MX,Nueva Rosita
-102.09136,19.02612,MX,Nueva Italia de Ruiz
-104.2455,23.84699,MX,Nombre de Dios
-101.16166,19.04404,MX,Nocupétaro
-102.84659,21.36545,MX,Nochistlán
-103.01907,23.9964,MX,Nieves
-104.11389,25.2275,MX,Nazas
-103.42066,25.39916,MX,Nazareno
-107.69724,24.76712,MX,Navolato
-109.44391,27.07015,MX,Navojoa
-100.76565,28.42071,MX,Nava
-101.00056,20.71417,MX,El Naranjillo
-101.76056,19.7767,MX,Naranja de Tapia
-105.49233,27.85736,MX,Naica
-101.91639,19.655,MX,Nahuatzén
-109.65,30.4,MX,Nacozari Viejo
-109.94835,31.32821,MX,Naco
-111.98255,26.89141,MX,Mulegé
-101.19208,20.12571,MX,Moroleón
-102.61051,22.86255,MX,Morelos
-101.18443,19.70078,MX,Morelia
-100.80878,20.77817,MX,Morales
-100.31846,25.67506,MX,Monterrey
-103.56276,22.3025,MX,Monte Escobedo
-101.42056,26.90687,MX,Monclova
-100.50612,20.6933,MX,Mompaní
-109.67969,29.80493,MX,Moctezuma
-107.92008,25.48202,MX,Mocorito
-108.93049,25.95156,MX,Mochicahui
-100.28436,19.62056,MX,Mineral de Angangueo
-100.52988,26.0011,MX,Mina
-103.45,24.29292,MX,Miguel Auza
-103.36278,21.21667,MX,Mezquital del Oro
-102.77985,21.26538,MX,Mexticacán
-115.46107,32.65002,MX,Mexicali
-106.04834,23.24703,MX,Mesillas
-105.48333,28.28333,MX,Pedro Meoqui
-101.395,20.92028,MX,Menores
-101.51615,27.87933,MX,Melchor Múzquiz
-101.6225,21.14972,MX,Medina
-103.02043,19.91692,MX,Mazamitla
-100.64334,23.64824,MX,Matehuala
-101.65528,21.63333,MX,Matanzas
-101.65059,21.89036,MX,Matancillas (San Isidro Matancillas)
-103.22847,25.52699,MX,Matamoros
-104.78782,20.52576,MX,Mascota
-101.35979,20.78037,MX,Hacienda de Márquez
-100.03244,25.87896,MX,Marín
-102.29095,21.99607,MX,Jesús Gómez Portugal
-102.47417,20.45306,MX,Margaritas
-101.28752,20.99884,MX,Marfil
-100.44229,19.89167,MX,Maravatío
-103.84609,25.8338,MX,Mapimí
-104.31879,19.05011,MX,Manzanillo
-116.57184,31.72099,MX,Rodolfo Sánchez Taboada
-101.7535,21.0467,MX,Malagana (San Antonio del Monte)
-110.95987,30.62793,MX,Magdalena de Kino
-103.87071,19.08408,MX,Madrid
-108.148,29.1942,MX,Madera
-109.14821,25.88607,MX,Macapule
-100.4,18.91667,MX,Luvianos
-102.24864,22.43237,MX,Luis Moya
-103.6225,19.09389,MX,Los Tepames
-103.9372,20.53724,MX,Los Pocitos
-102.37318,20.32599,MX,Los Pilares
-102.15616,19.85669,MX,Los Nogales
-108.99463,25.79116,MX,Los Mochis
-109.78222,30.12444,MX,Los Hoyos
-114.73333,32.7,MX,Los Algodones
-101.98898,22.27248,MX,Loreto
-102.05111,19.15806,MX,Lombardía
-101.29417,20.57222,MX,Loma Pelada
-105.35333,20.95694,MX,Lo de Marcos
-104.53444,19.62139,MX,Lo Arado
-101.66801,21.12131,MX,León
-101.03028,21.77389,MX,La Ventilla
-103.54509,20.72795,MX,La Venta del Astillero
-101.80717,17.98632,MX,La Unión
-108.48284,25.73301,MX,La Trinidad
-100.10139,20.07806,MX,San Nicolás de la Torre
-104.4,19.9,MX,La Tijera
-105.13531,21.17942,MX,Las Varas
-100.37528,20.35417,MX,San José Tepuzas
-108.45202,25.6865,MX,Las Quemazones
-103.32345,20.57376,MX,Las Pintas de Arriba
-104.70634,19.43028,MX,Las Juntas
-103.54862,25.49757,MX,Las Cuevas
-104.35815,21.1234,MX,Rosa Blanca
-103.57243,19.38609,MX,La Quesería
-100.86677,22.03438,MX,La Pila
-102.02806,20.34763,MX,La Piedad Cavadas
-101.57583,22.43778,MX,La Pendencia
-110.31274,24.1423,MX,La Paz
-100.17356,20.52218,MX,La Palma
-102.22694,17.99583,MX,La Orilla
-100.50528,27.02549,MX,Lampazos de Naranjo
-100.8059,20.28297,MX,La Moncada
-102.28333,18.68333,MX,La Mira Tumbiscatio
-107.22649,24.38061,MX,La Loma (La Loma de Quila)
-100.16185,20.47478,MX,La Lira
-102.69626,21.96207,MX,La Labor
-101.73922,21.14325,MX,Ejido la Joya
-105.04031,21.92501,MX,La Jarretadera
-104.64378,19.4844,MX,La Huerta
-101.80725,18.96259,MX,La Huacana
-103.40955,19.42358,MX,La Higuera
-101.93399,21.3559,MX,Lagos de Moreno
-103.68797000000001,25.48466,MX,La Goma
-100.03611,20.55213,MX,La Fuente
-103.36837,25.68138,MX,La Flor
-100.06528,20.42183,MX,La Estancia
-100.40716,20.82179,MX,La Estacada
-102.42239,22.85073,MX,San José de la Era
-105.69053,23.73178,MX,La Ciudad
-100.33143,20.60811,MX,La Cañada
-100.84562,20.30152,MX,La Calera
-108.41922,25.37078,MX,La Brecha
-102.54565,20.29028,MX,La Barca
-105.33953,23.92596,MX,Banderas del Águila
-103.15377,20.56977,MX,Puente Grande
-101.47898,20.90146,MX,La Aldea
-100.99239,20.64364,MX,Juventino Rosas
-100.49496,19.45883,MX,Jungapeo
-104.09837,20.08472,MX,Juchitlán
-103.11663,21.40862,MX,Juchipila
-100.09582,25.64724,MX,Juárez
-103.93111,19.16722,MX,Pueblo Juárez (La Magdalena)
-104.86698,21.16741,MX,Juan Escutia (Borbollón)
-103.39249,24.29154,MX,Juan Aldama
-103.17025,20.50888,MX,Juanacatlán
-103.42897,20.28527,MX,Jocotepec
-102.39722,19.76667,MX,J. Jesús Díaz Tzirio
-102.71919,19.99419,MX,Jiquilpan de Juárez
-105.4,28.33333,MX,Jiménez
-102.35,21.96667,MX,Jesús María
-102.99034,22.64862,MX,Jerez de García Salinas
-100.50865,20.15319,MX,Jerécuaro
-100.71937,20.5928,MX,Jáuregui
-101.06361,20.37266,MX,Jaral del Progreso
-101.67779,19.56084,MX,Jarácuaro
-102.70754,20.29348,MX,Jamay
-104.68527,19.23089,MX,Jaluco
-102.98004,21.63432,MX,Jalpa
-102.46386,21.16741,MX,Jalostotitlán
-105.10064,21.48071,MX,Jalcocotán
-104.43834,21.10475,MX,Jala
-104.3706,21.03821,MX,Ixtlán del Río
-102.39364,20.16894,MX,Ixtlán
-103.24029,20.86405,MX,Ixtlahuacán del Río
-103.19336,20.3486,MX,Ixtlahuacán de los Membrillos
-101.34654,20.6784,MX,Irapuato
-100.92307,19.96174,MX,Irámuco
-100.96862,19.78834,MX,Indaparapeo
-110.85813,30.77933,MX,Imuris
-100.27737,20.37199,MX,Huimilpan
-100.89885,18.63028,MX,Huetamo de Núñez
-108.86056,25.98417,MX,Huepaco
-103.89874,22.62525,MX,Huejuquilla el Alto
-103.21142,22.35881,MX,Huejúcar
-109.64217,26.8261,MX,Huatabampo
-101.49888,20.36819,MX,Huanímaro
-101.27597,19.9914,MX,Huandacareo
-105.31972,22.63667,MX,Huajicori
-104.05091,21.06035,MX,Hostotipaquillo
-103.3407,25.68346,MX,Hormiguero
-107.07092,24.26058,MX,Higueras de Abuya
-107.34803,24.31044,MX,El Higueral
-109.2979,25.96789,MX,Higuera de Zaragoza
-105.6662,26.92961,MX,Hidalgo del Parral
-100.35691,19.43661,MX,Heroica Zitácuaro
-112.15847,30.72043,MX,Heroica Caborca
-114.92278,32.51097,MX,Hermosillo
-102.68333,23.08333,MX,Hacienda Toribio
-110.89973,27.91818,MX,Guaymas
-108.46907,25.56648,MX,Guasave
-101.2591,21.01858,MX,Guanajuato
-108.07976,25.45842,MX,Guamúchil
-106.96262,26.09117,MX,Guadalupe y Calvo
-102.5225,22.75433,MX,Guadalupe
-103.39182,20.66682,MX,Guadalajara
-103.4958,25.56473,MX,Gómez Palacio
-100.91138,21.84019,MX,Ejido Gogorrón (Ex-Hacienda de Gogorrón)
-100.10686,25.89535,MX,General Zuazua
-103.98265,23.73253,MX,General Vicente Guerrero
-108.82585,25.75686,MX,General Juan José Ríos
-100.3146,25.79516,MX,General Escobedo
-101.47571,25.37766,MX,General Cepeda
-109.43833,27.11028,MX,Guaymitas
-100.37758,25.65384,MX,Garza García
-103.46444,21.21,MX,Trinidad García de la Cadena
-100.07782,24.82642,MX,Galeana
-102.86942,23.17569,MX,Fresnillo de González Echeverría
-102.70158,20.03086,MX,Francisco Sarabia (Cerrito Pelón)
-109.0084,25.86987,MX,Flor Azul
-104.07736,20.76839,MX,Etzatlán
-102.12971,19.89251,MX,Etúcuaro
-109.68241,26.76789,MX,Etchoropo
-109.62613,26.91094,MX,Etchojoa
-103.82609,20.66892,MX,La Estanzuela
-108.02556,29.48083,MX,Las Varas (Estación Babícora)
-109.58683,30.72402,MX,Esqueda
-105.77539,22.83253,MX,Escuinapa de Hidalgo
-103.3485,25.6747,MX,Escuadrón Doscientos Uno
-101.07289,22.11105,MX,Escalerillas
-116.59972,31.86612,MX,Ensenada
-102.23975,21.52727,MX,Encarnación de Díaz
-100.74741,20.67197,MX,Empalme Escobedo
-110.81038,27.96521,MX,Empalme
-103.27901,20.55567,MX,El Verde
-109.88961,27.36914,MX,El Tobarito
-116.69256,31.89329,MX,El Sauzal
-100.11536,20.47802,MX,El Sauz
-104.5,20.33333,MX,El Salto
-102.32323,22.38706,MX,El Salero
-107.18278,24.25556,MX,El Rosario
-106.20583,23.24556,MX,El Roble
-103.28467,20.54388,MX,El Quince
-100.44139,20.53972,MX,El Pueblito
-107.70917,24.69,MX,El Potrero de Sataya
-100.13062,19.8026,MX,El Oro de Hidalgo
-104.15594,19.82558,MX,El Limón
-106.41722,23.35111,MX,El Habal
-104.21707,19.80647,MX,El Grullo
-108.61832,26.41532,MX,El Fuerte
-107.36028,24.32028,MX,El Dorado
-103.28425,25.6951,MX,El Coyote
-100.24478,20.56147,MX,El Colorado
-104.25813,19.06038,MX,El Colomo
-101.47571,17.6381,MX,El Coacoyul
-102.23866,22.28719,MX,El Chayote
-106.85147,24.01713,MX,El Carrizo
-103.325,25.64028,MX,El Cambio
-103.8425,23.74306,MX,Villa Insurgentes (El Calabazal)
-108.41199,25.53913,MX,El Burrión
-103.69304,20.77512,MX,Arenal
-104.16194,19.90639,MX,Ejutla
-115.0938,32.60434,MX,Ejido Yucatán
-114.92658,32.56187,MX,Ejido Tabasco
-115.1248,32.4243,MX,Ejido Saltillo
-115.3534,32.56654,MX,Puebla
-115.03158,32.22023,MX,Ejido Plan de Ayala
-115.06382,32.50131,MX,Ejido Jiquilpan
-111.77685,25.26029,MX,Villa Insurgentes
-108.26667,29.68333,MX,Ejido El Largo
-102.1934,20.16188,MX,Ecuandureo
-104.65756,24.02032,MX,Victoria de Durango
-101.5237,21.087,MX,Duarte
-100.18134,23.67211,MX,Doctor Arroyo
-102.14976,20.46702,MX,Degollado
-103.38987,20.41633,MX,San Miguel Cuyutlán
-100.57886,18.46789,MX,Cutzamalá de Pinzón
-101.01806,20.22876,MX,Cupareo
-109.77948,29.99403,MX,Cúmpas
-107.53393,24.82466,MX,Culiacancito
-107.39734,24.80737,MX,Culiacán
-101.1407,19.96944,MX,Cuitzeo del Porvenir
-102.78389,20.34278,MX,Cuitzeo (La Estancia)
-100.60111,19.65139,MX,San Bartolo Cuitareo
-103.36189,20.4281,MX,Cuexcomatitlán
-101.67201,20.62498,MX,Cuerámaro
-103.69975,24.87058,MX,Cuencamé
-105.6475,22.21972,MX,Palmar de Cuautla
-101.50778,19.48489,MX,Cuanajo
-103.86131,20.38317,MX,El Crucero de Santa María
-107.63597,27.75027,MX,Creel
-103.2,20.63333,MX,Coyula
-100.69843,18.32552,MX,Coyuca de Catalán
-100.08748,17.00918,MX,Coyuca de Benítez
-102.70107,19.80919,MX,Cotija de la Paz
-107.3875,24.5875,MX,Villa de Costa Rica
-102.3,22.35,MX,Cosío
-106.68972,24.4157,MX,Cosalá
-100.96067,20.48008,MX,Cortazar
-100.36485,20.19968,MX,Coroneo
-103.81008,19.20501,MX,Coquimatlán
-101.21362,19.89278,MX,Copándaro de Galeana
-101.65945,19.90057,MX,Copándaro (Copándaro del Cuatro)
-100.16383,19.9542,MX,Contepec
-107.18607,24.22362,MX,Constancia
-105.51922,28.25375,MX,Congregación Ortíz
-101.41781,24.61318,MX,Concepción del Oro
-103.25941,19.97942,MX,Concepción de Buenos Aires
-105.4525,22.5325,MX,La Concha (La Concepción)
-104.9001,21.23777,MX,Compostela
-100.76056,20.72154,MX,Comonfort
-103.76054,19.32764,MX,Comala
-101.90506,19.57106,MX,Comachuén
-103.26664,22.11343,MX,Colotlán
-100.21639,19.17639,MX,Colorines
-115.99086,30.73145,MX,Colonia Vicente Guerrero
-109.85306,27.35111,MX,Antonio Rosales
-103.075,23.2325,MX,Colonia Plenitud
-105.52778,28.09222,MX,Colonia Nicolás Bravo (Kilómetro Noventa y Dos)
-105.61667,28.38333,MX,Ampliación Colonia Lázaro Cárdenas
-105.4075,28.20667,MX,Colonia Abraham González (La Quemada)
-100.04977,20.78388,MX,Colón
-103.72767,19.24341,MX,Colima
-102.85182,20.11858,MX,Cojumatlán de Régules
-107.64806,24.76806,MX,Cofradía de Navolato (Cofradía de los Rocha)
-103.55,19.43333,MX,Cofradía
-101.58472,19.82195,MX,Coeneo
-109.95906,27.57518,MX,Cócorit
-103.16,18.7775,MX,Coalcomán de Vázquez Pallares
-103.66704,18.75188,MX,Coahuayana
-109.9395,27.49221,MX,Ciudad Obregón
-101.95242,20.72882,MX,Ciudad Manuel Doblado
-103.52524,25.53538,MX,Ciudad Lerdo
-106.48333,31.73333,MX,Ciudad Juárez
-100.55739,19.69229,MX,Ciudad Hidalgo
-103.4617,19.70466,MX,Ciudad Guzmán
-105.47012,28.19013,MX,Ciudad Delicias
-111.65991,25.03371,MX,Ciudad Constitución
-105.17136,27.67842,MX,Ciudad Camargo
-100.13229,27.24457,MX,Ciudad Anáhuac
-100.66611,18.35472,MX,Ciudad Altamirano
-100.95217,29.32322,MX,Ciudad Acuña
-100.16742,25.95488,MX,Ciénega de Flores
-102.06469,20.15056,MX,Churintzio
-101.33166,19.90002,MX,Chucándiro
-108.32446,26.71037,MX,Choix
-109.605,27.06167,MX,Jitonhueca
-103.81667,20.2,MX,Chiquilistlán
-102.11846,19.8464,MX,Chilchota
-101.95361,19.68514,MX,Cherán
-102.45971,20.00651,MX,Chavinda
-101.045,19.74737,MX,Charo
-101.11414,23.12799,MX,Charcas
-102.25071,19.65005,MX,Charapán
-103.19123,20.29616,MX,Chapala
-105.9575,22.8775,MX,Chametla
-103.88295,23.47633,MX,Chalchihuites
-100.28474,22.42836,MX,Cerritos
-101.38709,20.10877,MX,Cerano
-100.81566,20.52353,MX,Celaya
-103.2325,20.3898,MX,Los Cedros
-104.12945,26.5258,MX,Ceballos
-101.43211,26.78932,MX,Castaños
-104.43572,19.60429,MX,Casimiro Castillo
-107.95628,30.38269,MX,Casas Grandes
-101.09761,21.82006,MX,Carranco
-101.12525,19.01947,MX,Carácuaro
-101.8,19.7,MX,Capula
-105.12116,21.83935,MX,El Capomal
-102.59185,20.82739,MX,Capilla de Guadalupe
-102.05236,19.54626,MX,Capácuaro
-102.72639,23.60584,MX,Cañitas de Felipe Pescador
-104.77327,24.52576,MX,Canatlán
-110.29134,30.98633,MX,Cananea
-100.94539,20.37549,MX,Cañada de Caracheo
-110.1,27.45,MX,Campo Sesenta
-107.53927,24.66019,MX,Campo Gobierno
-102.71849,21.84583,MX,Calvillo
-102.70222,22.94889,MX,Víctor Rosales
-103.3094,20.43174,MX,Cajititlán
-100.5,26.53333,MX,Bustamante
-102.18042,19.0746,MX,Buenos Aires
-102.58689,19.21016,MX,Buenavista Tomatlán
-107.45955,29.84321,MX,Buenaventura
-105.33422,20.75502,MX,Bucerías
-102.56208,20.26856,MX,Briseñas
-102.01917,22.23444,MX,Bimbaletes Aguascalientes (El Álamo)
-103.62143,25.88815,MX,Bermejillo
-111.11331,30.1679,MX,Benjamín Hill
-103.63742,20.43408,MX,Bellavista
-102.47575,23.17989,MX,Gonzales Ortega
-111.94083,28.82278,MX,Bahía de Kino
-109.11778,25.87417,MX,Bagojo Colectivo
-107.55021,25.36541,MX,Badiraguato
-110.08325,27.55142,MX,Bácum
-107.915,25.80944,MX,Bacubirito
-109.14694,25.73927,MX,Bachomobampo Número Dos
-104.36531,19.77249,MX,Autlán de Navarro
-105.30706,21.68986,MX,Aután
-100.43306,17.20667,MX,Atoyac de Álvarez
-103.51652,20.0097,MX,Atoyac
-103.12356,20.39287,MX,Atotonilquillo
-102.50942,20.55078,MX,Atotonilco el Alto
-105.19701,21.48376,MX,Aticama
-100.18583,19.16722,MX,San Juan Atezcapan
-103.14065,20.39006,MX,Atequiza
-102.42392,19.65137,MX,Atapan
-102.08943,22.23836,MX,Asientos
-107.98333,31.1,MX,Ascención
-102.29014,18.3587,MX,Arteaga
-103.96531,18.93725,MX,Armería
-101.70701,19.2092,MX,Ario de Rosales
-102.34758,20.02618,MX,Ario de Rayón
-100.28345,18.31788,MX,Arcelia
-102.34635,20.70519,MX,Arandas
-103.09076,21.46952,MX,Apozol
-100.16287,25.75976,MX,Apodaca
-102.35162,19.09522,MX,Apatzingán de la Constitución
-100.6843,20.5448,MX,Apaseo el Grande
-100.6224,20.45748,MX,Apaseo el Alto
-102.20488,19.01477,MX,Antunes
-104.01667,20.8,MX,Antonio Escobedo
-108.16061,25.36605,MX,Angostura
-101.71126,20.14902,MX,Angamacutiro de la Unión
-102.22522,19.54773,MX,Angahuán
-104.04678,20.54906,MX,Ameca
-100.14526,20.18716,MX,Amealco
-104.40408,20.80699,MX,Amatlán de Cañas
-103.73015,20.8344,MX,Amatitán
-100.18583,18.68222,MX,Amatepec
-100.26467,20.70257,MX,Amascala
-100.01667,19.31667,MX,Amanalco de Becerra
-111.83653,30.71626,MX,Altar
-103.7889,19.63401,MX,Alista
-108.13028,25.37806,MX,Alhuey
-100.70381,20.8687,MX,Alcocer
-108.93442,27.02326,MX,Álamos
-100.48353,18.15189,MX,Ajuchitlán del Progreso
-100.01893,20.70611,MX,Ajuchitlán
-103.25476,20.30325,MX,Ajijic
-102.07302,19.66585,MX,Ahuirán
-103.97461,20.70137,MX,Ahualulco de Mercado
-101.16614,22.40019,MX,Ahualulco
-104.48448,21.05414,MX,Ahuacatlán
-109.17321,25.91985,MX,Ahome
-102.79032,18.73843,MX,Aguililla
-105.97479,22.89339,MX,Agua Verde
-102.28259,21.88234,MX,Aguascalientes
-109.54876,31.33071,MX,Agua Prieta
-108.34814,26.53762,MX,Agua Caliente Grande (De Gastélum)
-108.75,25.75,MX,Adolfo Ruíz Cortínes
-101.33331,19.49472,MX,Acuitzio del Canje
-102.91056,20.77995,MX,Acatic
-105.36267,22.49317,MX,Acaponeta
-100.72249,20.03024,MX,Acámbaro
-103.63028,24.18611,MX,Ramón Corona
-105.39349,22.3433,MX,La Presa
-102.72167,21.805,MX,Mesa Grande
-102.4708,22.16071,MX,San Antonio de los Ríos
-102.29139,21.99917,MX,Jesús Gómez Portugal (Margaritas)
-102.2771,22.02425,MX,Paseos de la Providencia [Fraccionamiento]
-102.27583,21.7225,MX,Peñuelas (El Cienegal)
-102.25778,22.34667,MX,El Refugio de Providencia (Providencia)
-102.26889,21.96028,MX,Puertecito de la Virgen
-102.14583,22.01528,MX,Jaltomate
-102.04194,22.28722,MX,Noria del Borrego (Norias)
-102.03139,22.26778,MX,Guadalupe de Atlas
-114.29562,27.13994,MX,Bahía Asunción
-111.62806,24.93,MX,Villa Morelos
-110.16833,23.36417,MX,El Pescadero
-100.21534,21.21078,MX,Victoria
-100.31906,21.1425,MX,Doctor Mora
-100.72896,21.00808,MX,Palo Colorado
-100.68473,21.14746,MX,San Isidro de la Estacada
-100.9325,21.15611,MX,Dolores Hidalgo Cuna de la Independencia Nacional
-101.53084,21.01488,MX,El Refugio de los Sauces
-101.47056,21.47444,MX,San José del Torreón
-100.05528,21.29972,MX,Xichú
-100.915,21.67611,MX,El Tejocote (El Domingo)
-101.09139,21.59278,MX,Chirimoya (Estación Chirimoya)
-100.96331,20.20514,MX,Maravatío del Encinal
-101.89288,20.29743,MX,Mezquite de Luna
-101.69948,20.37587,MX,Zapote de Barajas
-100.79667,20.41056,MX,El Sauz (El Sauz de Villaseñor)
-100.78833,20.34806,MX,San Juan Bautista Cacalote
-100.50566,20.45028,MX,El Salto de Espejo
-100.81944,20.60333,MX,San Cayetano
-100.85639,20.60444,MX,Gasca
-100.92704,20.60595,MX,Franco Tavera
-101.15806,20.57722,MX,El Divisador
-101.07216,20.60049,MX,San José de la Montaña
-101.06125,20.52192,MX,C. Militar Sarabia
-101.07105,20.53104,MX,Mexicanos
-101.21556,20.49028,MX,La Tinaja
-101.30009,20.55691,MX,La Capilla
-101.25268,20.62184,MX,San Vicente de Flores
-101.46163,20.66072,MX,Cuchicuato
-101.44833,20.59556,MX,Colonia Morelos de Guadalupe de Rivera
-101.46127,20.55926,MX,San Ignacio de Rivera (Ojo de Agua)
-101.69694,20.92167,MX,Plan Guanajuato (La Sandía)
-101.35711,20.86952,MX,Medio Sitio
-101.49528,20.94944,MX,Bajío de Bonillas
-101.21639,20.92083,MX,San José del Rodeo
-101.86986,21.08154,MX,Potrerillos (Guanajal)
-101.00056,19.96222,MX,La Ortiga
-100.75936,20.19407,MX,Los Fierros
-101.80778,20.19972,MX,Ansihuacuaro
-101.49361,20.24583,MX,Isaac Arriaga (Santa Ana Mancera)
-100.2146,20.07515,MX,San Antonio Molinos
-100.19938,19.78629,MX,Santa María de los Ángeles
-100.27704,19.56236,MX,Manzana de San Luis
-100.47841,19.70004,MX,Irimbo
-101.16597,19.81474,MX,Mesón Nuevo (Cañada de la Magdalena)
-101.68639,19.70667,MX,Santiago Azajo
-102.07518,19.84066,MX,Zopoco
-101.97611,18.56583,MX,Las Cañas
-102.21268,18.02108,MX,Las Guacamayas
-101.90111,18.2825,MX,Infiernillo (Morelos de Infiernillo)
-100.22,18.57167,MX,Santa Ana Zicatecoyan
-100.00417,19.02111,MX,San Simón de Guerrero
-100.17694,19.04667,MX,San Pedro Tenayac
-100.25518,19.07278,MX,Zacazonapan
-100.06944,19.14,MX,Cuadrilla de Dolores
-100.10778,19.15167,MX,Casas Viejas
-100.10307,19.7828,MX,Santa Rosa de Lima
-100.15628,19.54589,MX,Las Rosas
-101.63639,17.73861,MX,Pantla
-101.61944,17.70222,MX,San José Ixtapa (Barrio Viejo)
-101.43917,17.61167,MX,Los Almendros
-100.50179,18.21167,MX,San Jerónimo el Grande
-100.44472,17.21639,MX,El Ticui
-100.455,17.12611,MX,Arenal de Álvarez (Arenal de Paco)
-100.01592,16.92195,MX,Colonia Luces en el Mar
-105.27389,20.6925,MX,Las Jarretaderas
-100.40028,20.80404,MX,Las Lajitas
-100.42861,20.76333,MX,Montenegro
-100.48828,20.53523,MX,Colonia los Ángeles
-100.06314,20.56194,MX,Los Cerritos
-100.36861,20.46806,MX,Apapátaro
-100.47127,20.43454,MX,Charco Blanco
-100.38333,20.41667,MX,Las Taponas
-100.06833,20.06306,MX,Santiago Mexquititlán Barrio 4to.
-102.43929,19.1371,MX,San Juan De Los Platanos
-97.76442,18.84406,MX,francisco villa
-92.9109,17.92285,MX,Huapinol
-103.4,20.7167,MX,Zapopan2
-99.16204,19.38611,MX,Colonia del Valle
-99.12475,19.49156,MX,Colonia Lindavista
-99.26587,19.37893,MX,Col. Bosques de las Lomas
-99.13685,19.38119,MX,Colonia Nativitas
-97.43611,25.26222,MX,Las Higuerillas
-97.71694,25.01556,MX,El Barrancón del Tío Blas (El Barrancón)
-97.4995,20.60677,MX,La Isla Km 10
-115.06528,32.37333,MX,Poblado Lázaro Cárdenas (La Veintiocho)
-114.98361,32.02444,MX,Ejido Doctor Alberto Oviedo Mota (El Indiviso)
-100.40268,25.65716,MX,San Pedro Garza Garcia
